,x_term,x_term_trans,y_term_proukraine,y_term_prorussia,x_final,y_proU_final,y_proR_final,cluster
S0U,-0.883150239076345,0.05842488046182748,0.4214419939295736,0.7523200024223807,0.2836141767443386,0.47361979700526075,0.5915414691619305,2
S1U,-1.0,0.0,0.0,0.9905386748862878,0.0,0.0,0.8249636253628766,1
S2U,-0.9713172650574213,0.014341367471289335,1.0,0.39920595654705593,0.19622554512685925,1.0,0.465988046714887,2
S3U,-1.0,0.0,0.0,0.9608139225962498,0.0,0.0,0.7439281551164815,1
S4U,-1.0,0.0,0.0,0.515573329309158,0.0,0.0,0.50519260271371,1
S5U,-1.0,0.0,0.0,0.735777166935637,0.0,0.0,0.5845252571078045,1
S6U,-1.0,0.0,0.0,1.0,0.0,0.0,1.0,1
S7U,-0.9822417382530884,0.00887913087345582,1.0,0.5924299980454031,0.1719726206650107,1.0,0.5311280255047579,2
S8U,-1.0,0.0,0.0,0.9218664668052756,0.0,0.0,0.6948007670151006,1
S9U,-1.0,0.0,0.0,1.0,0.0,0.0,1.0,1
S10U,-1.0,0.0,0.0,0.8707641040566616,0.0,0.0,0.6538284561362313,1
S11U,-1.0,0.0,0.0,0.9436706043386301,0.0,0.0,0.7190027328858875,1
S12U,-1.0,0.0,0.0,0.7795987529663224,0.0,0.0,0.6037488032945315,1
S13U,-1.0,0.0,0.0,1.0,0.0,0.0,1.0,1
S14U,-1.0,0.0,0.0,0.9689535723254694,0.0,0.0,0.7589462430285758,1
S15U,-1.0,0.0,0.0,0.9898954532430738,0.0,0.0,0.8217434757512158,1
S16U,-0.9494430664232569,0.025278466788371534,0.723565409056325,0.5573631805042039,0.22839439022983904,0.5795043184966341,0.5191961804156471,2
S17U,-0.961462819112128,0.019268590443935973,1.0,0.5222550507177396,0.21249675630976636,1.0,0.5074227096631522,2
S18U,-1.0,0.0,0.0,0.867071268581625,0.0,0.0,0.6513781823949283,1
S19U,-0.9763041650321793,0.011847917483910342,1.0,0.5524596086930248,0.18625027814468972,1.0,0.5175439224647091,2
S20U,-1.0,0.0,0.0,0.4083657292958597,0.0,0.0,0.4691454637029419,1
S21U,-1.0,0.0,0.0,0.9375701932464183,0.0,0.0,0.7115826337200124,1
S22U,-1.0,0.0,0.0,0.5135350000534347,0.0,0.0,0.5045126466630934,1
S23U,-1.0,0.0,0.0,0.7776972965487658,0.0,0.0,0.602868697729461,1
S24U,-1.0,0.0,0.0,0.33305690381279474,0.0,0.0,0.4423910254067319,1
S25U,-1.0,0.0,0.0,0.8775116623377248,0.0,0.0,0.6584418214748703,1
S26U,-1.0,0.0,0.0,0.9117598328481764,0.0,0.0,0.6853433943762334,1
S27U,-1.0,0.0,0.0,0.9743796514758021,0.0,0.0,0.7707948329412139,1
S28U,-0.9332203589029477,0.03338982054852613,0.6989700043360187,0.5855481104595579,0.24566864640703284,0.569742173380174,0.5287674816042857,2
S29U,-0.9255742100776045,0.03721289496119773,1.0,0.2979317228851466,0.25267571037240666,1.0,0.42905148743141697,2
S30U,-1.0,0.0,0.0,0.5329542059078762,0.0,0.0,0.5109989078330802,1
S31U,-1.0,0.0,0.0,0.9383900921730507,0.0,0.0,0.7125458749233611,1
S32U,-1.0,0.0,0.0,0.5455119664148018,0.0,0.0,0.5152080706140107,1
S33U,-0.9013829613999372,0.049308519300031384,0.723565409056325,0.4150407362046702,0.2716308059816529,0.5795043184966341,0.47143401345443053,2
S34U,-1.0,0.0,0.0,1.0,0.0,0.0,1.0,1
S35U,-1.0,0.0,0.0,0.35603602184886907,0.0,0.0,0.4507757204957812,1
S36U,-1.0,0.0,0.0,0.8992649777650414,0.0,0.0,0.674738281157323,1
S37U,-1.0,0.0,0.0,1.0,0.0,0.0,1.0,1
S38U,-0.9678152643478538,0.016092367826073095,1.0,0.5530456554756935,0.2024482694904057,1.0,0.5177412244351967,2
S39U,-1.0,0.0,0.0,0.9815795160026135,0.0,0.0,0.7900510636005538,1
S40U,-1.0,0.0,0.0,0.3575919480809503,0.0,0.0,0.4513352824514246,1
S41U,-0.9395257022434158,0.030237148878292097,0.6989700043360187,0.4941653617695506,0.23939606162588367,0.569742173380174,0.49805504211335194,2
S42U,-0.9637247750293422,0.018137612485328913,1.0,0.9476028289598994,0.2090786919286245,1.0,0.7241272880746795,2
S43U,-0.9808278717949854,0.009586064102507286,1.0,0.7169704749607058,0.17567378997408292,1.0,0.5768432317809327,2
S44U,-1.0,0.0,0.0,1.0,0.0,0.0,1.0,1
S45U,-1.0,0.0,0.0,0.9500545713990585,0.0,0.0,0.7274776831487195,1
S46U,-0.9591803475365406,0.02040982623172971,1.0,0.3776209322180044,0.21578974932058861,1.0,0.45845778075147575,2
S47U,-0.9816050751166873,0.009197462441656368,1.0,0.9833667498880978,0.17366637183566122,1.0,0.7957368581645726,2
S48U,-1.0,0.0,0.0,0.5887169758010441,0.0,0.0,0.5298531127107862,1
S49U,-0.9255742100776045,0.03721289496119773,0.6989700043360187,0.5616529091598192,0.25267571037240666,0.569742173380174,0.5206443416638534,2
S50U,-1.0,0.0,0.0,0.9940314945013982,0.0,0.0,0.8461984506670138,1
S51U,-0.9708833189198461,0.01455834054007693,1.0,0.5124180280719308,0.1970277952211176,1.0,0.5041400994742802,2
S52U,-1.0,0.0,0.0,0.48092153091575196,0.0,0.0,0.4936377646436209,1
S53U,-1.0,0.0,0.0,0.8365384793421824,0.0,0.0,0.632796253637028,1
S54U,-1.0,0.0,0.0,0.46352144951995544,0.0,0.0,0.48782124939362376,1
S55U,-1.0,0.0,0.0,0.9753754449400263,0.0,0.0,0.773180757790013,1
S56U,-0.9783639085770528,0.0108180457114736,1.0,0.9258185448374247,0.18164813807794272,1.0,0.6987574692766758,2
S57U,-0.9369321919961432,0.0315339040019284,1.0,0.493707530878123,0.24203588112632718,1.0,0.4979024118538752,2
S58U,-0.9596302424217125,0.020184878789143768,1.0,0.5601089377766338,0.21515232575589693,1.0,0.5201228072416171,2
S59U,-0.9304703530051922,0.034764823497403896,1.0,0.2716426586335997,0.2482585122652412,1.0,0.4185403908214034,2
S60U,-1.0,0.0,0.0,0.8534764093028302,0.0,0.0,0.6427631166730637,1
S61U,-0.9784027768416858,0.010798611579157125,1.0,0.5016542868479403,0.18155808630404574,1.0,0.5005514307378591,2
S62U,-1.0,0.0,0.0,0.47995215501505284,0.0,0.0,0.49331419892864237,1
S63U,-1.0,0.0,0.0,0.7476443914582882,0.0,0.0,0.5895316068310871,1
S64U,-0.9525855399731717,0.023707230013414127,1.0,0.5692879495182316,0.22455306896272106,1.0,0.5232288164870248,2
S65U,-1.0,0.0,0.0,0.5763157299662074,0.0,0.0,0.5256164785496397,1
S66U,-1.0,0.0,0.0,0.6582516790342521,0.0,0.0,0.5544097588086521,1
S67U,-1.0,0.0,0.0,0.9841240438713762,0.0,0.0,0.798291257345189,1
S68U,-1.0,0.0,0.0,0.6682295245561447,0.0,0.0,0.5580855877457751,1
S69U,-1.0,0.0,0.0,0.7682321434575546,0.0,0.0,0.5985559664971452,1
S70U,-0.9588743756314221,0.02056281218428896,1.0,0.5081457503094454,0.21622011211306472,1.0,0.502715463664315,2
S71U,-1.0,0.0,0.0,0.9050069179102977,0.0,0.0,0.6794792123662436,1
S72U,-1.0,0.0,0.0,0.46534083304975693,0.0,0.0,0.48843045206360125,1
S73U,-1.0,0.0,0.0,0.5856576328696443,0.0,0.0,0.5288049668114326,1
S74U,-1.0,0.0,0.0,0.6080874719641911,0.0,0.0,0.5365414059674388,1
S75U,-1.0,0.0,0.0,0.7486300190103303,0.0,0.0,0.5899534642138416,1
S76U,-1.0,0.0,0.0,1.0,0.0,0.0,1.0,1
S77U,-1.0,0.0,0.0,1.0,0.0,0.0,1.0,1
S78U,-0.9357453745915919,0.03212731270420405,0.6989700043360187,0.48431439861682324,0.24321537354982145,0.569742173380174,0.494769940727338,2
S79U,-1.0,0.0,0.0,0.9213662741753549,0.0,0.0,0.6943111227383797,1
S80U,-1.0,0.0,0.0,0.5396330557861757,0.0,0.0,0.5132356992901428,1
S81U,-1.0,0.0,0.0,0.7178615002540859,0.0,0.0,0.5772008013403335,1
S82U,-1.0,0.0,0.0,0.9847080610346904,0.0,0.0,0.8003270687653635,1
S83U,-1.0,0.0,0.0,0.44411088653758224,0.0,0.0,0.4813008448756445,1
S84U,-1.0,0.0,0.0,0.8978502718014324,0.0,0.0,0.6736018423942639,1
S85U,-1.0,0.0,0.0,0.9766564295736854,0.0,0.0,0.7763644679208256,1
S86U,-1.0,0.0,0.0,0.9057308652617748,0.0,0.0,0.6800923256865811,1
S87U,-1.0,0.0,0.0,0.5459974250760994,0.0,0.0,0.5153711041017185,1
S88U,-0.9323301747480159,0.03383491262599203,1.0,0.4583230796235054,0.24651606936486545,1.0,0.48607898323391135,2
S89U,-0.9471732261103161,0.026413386944841966,1.0,0.4726596072136289,0.2310535298225856,1.0,0.4908784484766208,2
S90U,-0.919536863488664,0.04023156825566798,1.0,0.5074367569451708,0.25781683204219874,1.0,0.502479081487612,2
S91U,-1.0,0.0,0.0,0.5024917894554348,0.0,0.0,0.5008306025974494,1
S92U,-1.0,0.0,0.0,0.7624132518921704,0.0,0.0,0.5959581474075477,1
S93U,-1.0,0.0,0.0,0.4593968955853115,0.0,0.0,0.4864390896000732,1
S94U,-1.0,0.0,0.0,0.668820171496666,0.0,0.0,0.558304694007943,1
S95U,-0.9673996328626552,0.01630018356867241,1.0,0.6269028543258657,0.2031511376059029,1.0,0.5431385455218335,2
S96U,-1.0,0.0,0.0,0.9636710121856792,0.0,0.0,0.7488919380400917,1
S97U,-1.0,0.0,0.0,0.5904291719695873,0.0,0.0,0.5304406258073346,1
S98U,-1.0,0.0,0.0,0.9664462838686763,0.0,0.0,0.7540182759998678,1
S99U,-1.0,0.0,0.0,0.5465306629444615,0.0,0.0,0.5155502135617911,1
S100U,-1.0,0.0,0.0,0.9103742113518509,0.0,0.0,0.6841127821738608,1
S101U,-0.866302039364549,0.06684898031772551,1.0,0.5770125748862016,0.2934451006384416,1.0,0.525853722371097,2
S102U,-1.0,0.0,0.0,0.8262592009946891,0.0,0.0,0.6270966332551206,1
S103U,-1.0,0.0,0.0,0.8576961714114539,0.0,0.0,0.6453729832449345,1
S104U,-1.0,0.0,0.0,0.5946171066957022,0.0,0.0,0.5318804949915931,1
S105U,-0.9567584549519709,0.021620772524014564,1.0,0.5646283254589077,0.2191293016123664,1.0,0.5216504196081703,2
S106U,-1.0,0.0,0.0,0.8641800724471699,0.0,0.0,0.6494942957652707,1
S107U,-1.0,0.0,0.0,0.48612449571627636,0.0,0.0,0.49537377606775257,1
S108U,-1.0,0.0,0.0,0.6184965397130942,0.0,0.0,0.540177495436028,1
S109U,-0.8939321116719543,0.05303394416402285,0.7826779887263511,0.6021611570660845,0.27672264788790324,0.6051842429453607,0.5344850054471413,2
S110U,-0.9697342111045477,0.015132894447726142,1.0,0.6469624475050433,0.1991080131387644,1.0,0.5503053741099269,2
S111U,-1.0,0.0,0.0,0.5656631471516784,0.0,0.0,0.5220006484756506,1
S112U,-0.9314139059635558,0.03429304701822211,1.0,0.4772295372835146,0.24737917490556513,1.0,0.492405176143358,2
S113U,-1.0,0.0,0.0,0.4872757126273959,0.0,0.0,0.49575775669348693,1
S114U,-1.0,0.0,0.0,0.8479416774532614,0.0,0.0,0.6394203612584485,1
S115U,-1.0,0.0,0.0,0.5746709543022603,0.0,0.0,0.5250568699270385,1
S116U,-0.9035451708929141,0.04822741455354296,0.6989700043360187,0.6106059662659851,0.2700965390239104,0.569742173380174,0.5374182506886274,2
S117U,-0.8698372093317406,0.06508139533412971,0.6989700043360187,0.627858057073796,0.29146622772137953,0.569742173380174,0.5434764916171898,2
S118U,-1.0,0.0,0.0,0.674991672850528,0.0,0.0,0.5606046895751328,1
S119U,-1.0,0.0,0.0,0.6129508655921589,0.0,0.0,0.5382362956405462,1
S120U,-0.9178569486618467,0.041071525669076625,1.0,0.4684485195482119,0.25919300707646586,1.0,0.48947040368494005,2
S121U,-0.9644733079276415,0.01776334603617924,1.0,0.6290139279815101,0.2079107704735456,1.0,0.5438858524728295,2
S122U,-1.0,0.0,0.0,0.7774986856451003,0.0,0.0,0.6027770415032049,1
S123U,-1.0,0.0,0.0,1.0,0.0,0.0,1.0,1
S124U,-0.9555187773832617,0.02224061130836913,1.0,0.5273015151780037,0.22078208773725103,1.0,0.5091085578316448,2
S125U,-0.9198639526687248,0.04006802366563761,1.0,0.4782142937732171,0.2575462479645209,1.0,0.4927340087250302,2
S126U,-0.944080363301257,0.0279598183493715,1.0,0.6550013940118051,0.23453543465350157,1.0,0.5532223596679934,2
S127U,-1.0,0.0,0.0,0.6164326494311153,0.0,0.0,0.5394539601995905,1
S128U,-1.0,0.0,0.0,0.9201754587868667,0.0,0.0,0.6931550468509386,1
S129U,-1.0,0.0,0.0,0.7920442616958885,0.0,0.0,0.6096316175163875,1
S130U,-0.9169880807477307,0.041505959626134625,0.5484550065040281,0.5568641811637633,0.2598960753484682,0.5161968497839262,0.5190278945393818,2
S131U,-0.9619913445831483,0.01900432770842586,1.0,0.5054632136831412,0.21171247918189343,1.0,0.5018211356503256,2
S132U,-0.9434754069153306,0.028262296542334697,0.6989700043360187,0.4478147109865336,0.23519863052263332,0.569742173380174,0.4825484166096062,2
S133U,-1.0,0.0,0.0,0.7317443967290473,0.0,0.0,0.5828531621081626,1
S134U,-1.0,0.0,0.0,0.8883379223477046,0.0,0.0,0.6662542077843114,1
S135U,-0.9673057011131393,0.016347149443430353,1.0,0.575640507004265,0.2033090122599233,1.0,0.5253866835589536,2
S136U,-1.0,0.0,0.0,0.9143151184684029,0.0,0.0,0.6876522897178926,1
S137U,-0.8570446448732729,0.07147767756336354,0.723565409056325,0.4642873869230123,0.29844023275390513,0.5795043184966341,0.4880777503778845,2
S138U,-0.9755712699216663,0.012214365039166841,1.0,0.7202429662514183,0.18781292284225273,1.0,0.5781594685694654,2
S139U,-0.9538075598703739,0.023096220064813044,1.0,0.6886410556908504,0.22300499863887013,1.0,0.565764586971154,2
S140U,-1.0,0.0,0.0,0.43814694197713355,0.0,0.0,0.4792880244874177,1
S141U,-1.0,0.0,0.0,0.5103683063254951,0.0,0.0,0.5034565425540074,1
S142U,-1.0,0.0,0.0,1.0,0.0,0.0,1.0,1
S143U,-0.940907071614267,0.029546464192866495,1.0,0.5763977271077754,0.23795334645829333,1.0,0.5256443900447059,2
S144U,-0.9115260236558025,0.04423698817209876,1.0,0.31482447733383767,0.26418750300631655,1.0,0.43555547763575037,2
S145U,-1.0,0.0,0.0,0.642946170787805,0.0,0.0,0.5488581338823213,1
S146U,-0.6826761001641415,0.15866194991792926,0.7826779887263511,0.626230367049794,0.3644566778244493,0.6051842429453607,0.5429008091828224,2
S147U,-1.0,0.0,0.0,0.5499894937437215,0.0,0.0,0.5167127920948905,1
S148U,-0.974514997102148,0.012742501448926025,1.0,0.887082709333344,0.1900021857963276,1.0,0.6653202067050645,2
S149U,-1.0,0.0,0.0,0.3934832839732667,0.0,0.0,0.46400456982706817,1
S150U,-1.0,0.0,0.0,0.6181820090485536,0.0,0.0,0.5400671455453535,1
S151U,-1.0,0.0,0.0,0.7211215276433549,0.0,0.0,0.5785142454090416,1
S152U,-1.0,0.0,0.0,0.7507948999722851,0.0,0.0,0.590883460185778,1
S153U,-1.0,0.0,0.0,0.6104278213726488,0.0,0.0,0.5373561679625426,1
S154U,-0.9336560247316883,0.03317198763415585,1.0,0.47153590661333744,0.24525065165440177,1.0,0.49050284162082514,2
S155U,-1.0,0.0,0.0,0.8058987309297451,0.0,0.0,0.6164544438289182,1
S156U,-1.0,0.0,0.0,0.5453024906844413,0.0,0.0,0.5151377295479577,1
S157U,-1.0,0.0,0.0,0.5453070772580362,0.0,0.0,0.5151392696486953,1
S158U,-1.0,0.0,0.0,0.5151044834373238,0.0,0.0,0.5050361898931872,1
S159U,-0.9421148749840633,0.02894256250796834,0.723565409056325,0.7461083350655408,0.2366699198607855,0.5795043184966341,0.5888760695516739,2
S160U,-1.0,0.0,0.0,0.4808511450027718,0.0,0.0,0.4936142721551727,1
S161U,-1.0,0.0,0.0,1.0,0.0,0.0,1.0,1
S162U,-1.0,0.0,0.0,1.0,0.0,0.0,1.0,1
S163U,-1.0,0.0,0.0,1.0,0.0,0.0,1.0,1
S164U,-1.0,0.0,0.0,0.7410766899232001,0.0,0.0,0.5867446577331856,1
S165U,-1.0,0.0,0.0,0.9896656675657851,0.0,0.0,0.8206315062584769,1
S166U,-1.0,0.0,0.0,0.6481448170867947,0.0,0.0,0.550732688122351,1
S167U,-1.0,0.0,0.0,0.5607421964070987,0.0,0.0,0.5203366714227916,1
S168U,-1.0,0.0,0.0,0.4749379880961019,0.0,0.0,0.4916397684487745,1
S169U,-0.8501886325272521,0.07490568373637396,0.7557809497117844,0.507301966572137,0.30197964679125616,0.5930436335019585,0.5024341426855736,2
S170U,-1.0,0.0,0.0,0.5315860851834182,0.0,0.0,0.5105411722501233,1
S171U,-1.0,0.0,0.0,0.9651916440761459,0.0,0.0,0.751660824360441,1
S172U,-0.9577634616471655,0.021118269176417237,1.0,0.9031567518737066,0.2177618086964262,1.0,0.6779283320293457,2
S173U,-1.0,0.0,0.0,0.49735465366169385,0.0,0.0,0.4991182105738312,1
S174U,-0.8967249154283645,0.05163754228581774,0.6989700043360187,0.47223203631121535,0.27484809397194526,0.569742173380174,0.49073553900791755,2
S175U,-1.0,0.0,0.0,0.37815700724071466,0.0,0.0,0.4586465006165105,1
S176U,-1.0,0.0,0.0,0.7383217295307174,0.0,0.0,0.5855877116916098,1
S177U,-0.9555187773832617,0.02224061130836913,1.0,0.5518037853367647,0.22078208773725103,1.0,0.5173231807634572,2
S178U,-0.9705861154143619,0.014706942292819047,1.0,0.6894303816717635,0.19757187840917295,1.0,0.5660662408745234,2
S179U,-1.0,0.0,0.0,0.8959218314992776,0.0,0.0,0.6720717585891808,1
S180U,-1.0,0.0,0.0,0.5353763052616138,0.0,0.0,0.5118096410671598,1
S181U,-0.8731742699133243,0.06341286504333787,0.723565409056325,0.5482592893967997,0.28955932111965327,0.5795043184966341,0.5161310635869374,2
S182U,-0.6817847023167669,0.15910764884161654,1.0,0.5529924554992901,0.3647142145755205,1.0,0.5177233120046887,2
S183U,-1.0,0.0,0.0,0.5077022806616429,0.0,0.0,0.5025676074300414,1
S184U,-1.0,0.0,0.0,0.45376544191276613,0.0,0.0,0.48454924911657105,1
S185U,-1.0,0.0,0.0,0.5728549358469719,0.0,0.0,0.5244395781311474,1
S186U,-1.0,0.0,0.0,1.0,0.0,0.0,1.0,1
S187U,-1.0,0.0,0.0,0.5371184352078104,0.0,0.0,0.5123930776661813,1
S188U,-1.0,0.0,0.0,1.0,0.0,0.0,1.0,1
S189U,-0.9068286820045106,0.046585658997744694,1.0,0.4650139800451746,0.26771392595530563,1.0,0.4883210291954826,2
S190U,-0.9582473816738405,0.020876309163079754,1.0,0.7216588558723951,0.21709420391443845,1.0,0.5787315247396421,2
S191U,-1.0,0.0,0.0,0.8232972168888262,0.0,0.0,0.625497623402585,1
S192U,-1.0,0.0,0.0,0.6557374314562019,0.0,0.0,0.5534908352510045,1
S193U,-1.0,0.0,0.0,0.7789233161507186,0.0,0.0,0.6034356279473675,1
S194U,-1.0,0.0,0.0,0.46237550404028727,0.0,0.0,0.48743739338477104,1
S195U,-1.0,0.0,0.0,0.6046786293013916,0.0,0.0,0.5353573945982302,1
S196U,-1.0,0.0,0.0,0.4926336491887999,0.0,0.0,0.4975443917960032,1
S197U,-0.971174162883818,0.014412918558091015,1.0,0.5127281624955214,0.19649114279080135,1.0,0.5042435357584238,2
S198U,-0.9501537797861279,0.02492311010693604,1.0,0.6556815493322654,0.22754244324511938,1.0,0.5534704433432766,2
S199U,-0.8420936256651183,0.07895318716744087,0.5484550065040281,0.4648115646477101,0.30600034132305887,0.5161968497839262,0.48825326069871766,2
S200U,-1.0,0.0,0.0,0.7402186297293927,0.0,0.0,0.5863835651076414,1
S201U,-0.8649637971978724,0.06751810140106379,0.5484550065040281,0.5645655894349033,0.2941835477837047,0.5161968497839262,0.5216291924672992,2
S202U,-1.0,0.0,0.0,0.9315617406186824,0.0,0.0,0.7048102298554519,1
S203U,-1.0,0.0,0.0,0.339267675410751,0.0,0.0,0.44468077387569466,1
S204U,-1.0,0.0,0.0,0.4584132600704892,0.0,0.0,0.4861092298262899,1
S205U,-1.0,0.0,0.0,0.9124866793441115,0.0,0.0,0.6859948693465096,1
S206U,-1.0,0.0,0.0,0.6497471701230079,0.0,0.0,0.551312715980846,1
S207U,-1.0,0.0,0.0,0.42864082715951657,0.0,0.0,0.4760684082785103,1
S208U,-0.8999990569896765,0.05000047150516174,1.0,0.7578929792925563,0.2725989416050392,1.0,0.5939665457274438,2
S209U,-0.9474362489067559,0.026281875546622036,0.6989700043360187,0.7069049900863271,0.23075006624148023,0.569742173380174,0.5728445728391627,2
S210U,-0.9484607106786493,0.025769644660675328,1.0,0.38922967354981153,0.22955655099801475,1.0,0.46252446239965345,2
S211U,-1.0,0.0,0.0,0.44637874721716286,0.0,0.0,0.4820649486523611,1
S212U,-0.9327784552416931,0.03361077237915344,0.6989700043360187,0.5636395317765346,0.24609043082016732,0.569742173380174,0.5213159267921211,2
S213U,-1.0,0.0,0.0,0.776500115990516,0.0,0.0,0.6023169887464039,1
S214U,-1.0,0.0,0.0,0.6612636103551025,0.0,0.0,0.5555143797477589,1
S215U,-1.0,0.0,0.0,0.5622415296854109,0.0,0.0,0.5208432642402179,1
S216U,-1.0,0.0,0.0,1.0,0.0,0.0,1.0,1
S217U,-1.0,0.0,0.0,0.8320219500552712,0.0,0.0,0.6302622042316837,1
S218U,-1.0,0.0,0.0,0.7755939490197977,0.0,0.0,0.6019006164195445,1
S219U,-1.0,0.0,0.0,1.0,0.0,0.0,1.0,1
S220U,-1.0,0.0,0.0,0.7711772529833589,0.0,0.0,0.599886014555264,1
S221U,-1.0,0.0,0.0,0.8957382208653601,0.0,0.0,0.6719271973136361,1
S222U,-1.0,0.0,0.0,0.5157094868861706,0.0,0.0,0.5052380280890063,1
S223U,-1.0,0.0,0.0,0.6660920616519285,0.0,0.0,0.5572941203947271,1
S224U,-1.0,0.0,0.0,0.955195081976895,0.0,0.0,0.7349464765010412,1
S225U,-0.9732950292974,0.013352485351300014,1.0,0.5606797366587327,0.19244458481581392,1.0,0.5203155748814042,2
S226U,-1.0,0.0,0.0,0.56528667444309,0.0,0.0,0.5218732138966722,1
S227U,-1.0,0.0,0.0,0.5566392966112228,0.0,0.0,0.518952064226033,1
S228U,-0.9304703530051922,0.034764823497403896,1.0,0.44727914784042155,0.2482585122652412,1.0,0.48236813118229305,2
S229U,-1.0,0.0,0.0,0.4624754055707645,0.0,0.0,0.4874708619390127,1
S230U,-1.0,0.0,0.0,0.6177354593594955,0.0,0.0,0.5399105310436948,1
S231U,-1.0,0.0,0.0,0.5085197529777475,0.0,0.0,0.5028401620113231,1
S232U,-1.0,0.0,0.0,0.5727690935516228,0.0,0.0,0.5244104138468201,1
S233U,-1.0,0.0,0.0,0.8915237138666192,0.0,0.0,0.6686606229491994,1
S234U,-1.0,0.0,0.0,0.4844316692974123,0.0,0.0,0.49480906492611587,1
S235U,-1.0,0.0,0.0,0.4947334714661682,0.0,0.0,0.4982444327768651,1
S236U,-1.0,0.0,0.0,0.7995965339804055,0.0,0.0,0.6133126139420991,1
S237U,-1.0,0.0,0.0,0.6711163463895109,0.0,0.0,0.559158149880888,1
S238U,-1.0,0.0,0.0,0.9056138353694831,0.0,0.0,0.6799929697733119,1
S239U,-0.9632470461368612,0.018376476931569408,1.0,0.5853102948958404,0.20981424164074824,1.0,0.5286860955475416,2
S240U,-1.0,0.0,0.0,0.5479047685952485,0.0,0.0,0.516011910201275,1
S241U,-1.0,0.0,0.0,0.6426224221659119,0.0,0.0,0.5487417550229379,1
S242U,-1.0,0.0,0.0,0.43555357184332233,0.0,0.0,0.4784111248139806,1
S243U,-1.0,0.0,0.0,0.6284402144076988,0.0,0.0,0.5436826095707318,1
S244U,-1.0,0.0,0.0,0.986664534564971,0.0,0.0,0.8076223736798045,1
S245U,-1.0,0.0,0.0,1.0,0.0,0.0,1.0,1
S246U,-1.0,0.0,0.0,0.4837915407362944,0.0,0.0,0.4945954970140795,1
S247U,-1.0,0.0,0.0,0.5786622906674261,0.0,0.0,0.5264157461972381,1
S248U,-1.0,0.0,0.0,0.9225509595408768,0.0,0.0,0.695474773961091,1
S249U,-1.0,0.0,0.0,0.9012204348900787,0.0,0.0,0.6763292117767377,1
S250U,-0.9806761778406373,0.00966191107968134,1.0,0.8293832134490773,0.17605824335728562,1.0,0.6288035447414705,2
S251U,-1.0,0.0,0.0,0.5677207496454779,0.0,0.0,0.5226975452770951,1
S252U,-1.0,0.0,0.0,0.47664694607669866,0.0,0.0,0.4922106111025288,1
S253U,-1.0,0.0,0.0,0.6827619798417396,0.0,0.0,0.5635292771306252,1
S254U,-0.9380726110884408,0.030963694455779622,1.0,0.5976834753418487,0.24088586632945821,1.0,0.5329374112502847,2
S255U,-1.0,0.0,0.0,0.47438118825319653,0.0,0.0,0.4914537437207195,1
S256U,-1.0,0.0,0.0,0.8563318467892924,0.0,0.0,0.6445231487404579,1
S257U,-0.9171634471863878,0.04141827640680612,1.0,0.41918338329151794,0.25975464247922864,1.0,0.4728495175662033,2
S258U,-0.9458143019082971,0.027092849045851464,1.0,0.5204494065789067,0.23260267635703974,1.0,0.5068198503716886,2
S259U,-1.0,0.0,0.0,0.4978205607105475,0.0,0.0,0.4992735161470322,1
S260U,-1.0,0.0,0.0,0.4273507579552236,0.0,0.0,0.4756303026035669,1
S261U,-0.7821635244022488,0.1089182377988756,0.7557809497117844,0.38687524373266213,0.3316763540976918,0.5930436335019585,0.46170297650098696,2
S262U,-1.0,0.0,0.0,0.7947178074619028,0.0,0.0,0.6109246265070416,1
S263U,-0.9471732261103161,0.026413386944841966,1.0,0.4783955551782233,0.2310535298225856,1.0,0.49279453048514615,2
S264U,-1.0,0.0,0.0,0.9818598663689763,0.0,0.0,0.7909135050044053,1
S265U,-1.0,0.0,0.0,0.4231144965672472,0.0,0.0,0.4741895465285018,1
S266U,-1.0,0.0,0.0,1.0,0.0,0.0,1.0,1
S267U,-0.9519479939417421,0.02402600302912894,1.0,0.5211988942756567,0.2253482808466663,1.0,0.507070065464741,2
S268U,-1.0,0.0,0.0,0.6675001286954186,0.0,0.0,0.5578152508586984,1
S269U,-1.0,0.0,0.0,0.5131829468878764,0.0,0.0,0.5043952210913101,1
S270U,-1.0,0.0,0.0,0.6108396685681488,0.0,0.0,0.5374997087795863,1
S271U,-0.9040295970041281,0.04798520149793595,1.0,0.49934682694166777,0.26974908686547316,1.0,0.49978227553713206,2
S272U,-0.9708833189198461,0.01455834054007693,1.0,0.5188539237077363,0.1970277952211176,1.0,0.5062872910380928,2
S273U,-0.868893470417655,0.06555326479117252,0.723565409056325,0.542654760382616,0.2919985709233347,0.5795043184966341,0.514249037704925,2
S274U,-0.9274628170011899,0.036268591499405034,1.0,0.7356106780138809,0.2509998507308827,1.0,0.5844559435546152,2
S275U,-1.0,0.0,0.0,1.0,0.0,0.0,1.0,1
S276U,-1.0,0.0,0.0,0.8996537762115241,0.0,0.0,0.6750527228420268,1
S277U,-1.0,0.0,0.0,0.3982531855822552,0.0,0.0,0.4656584178362737,1
S278U,-1.0,0.0,0.0,0.8077672131095244,0.0,0.0,0.6173988724471925,1
S279U,-1.0,0.0,0.0,1.0,0.0,0.0,1.0,1
S280U,-1.0,0.0,0.0,0.7692157049658204,0.0,0.0,0.5989989937108692,1
S281U,-0.8961563493960539,0.051921825301973035,0.6989700043360187,0.39609949044822035,0.27523292705013597,0.569742173380174,0.4649124303765704,2
S282U,-0.8396712741009714,0.08016436294951429,0.723565409056325,0.6188695278180842,0.3071724134131485,0.5795043184966341,0.5403083946147911,2
S283U,-0.9572673136191232,0.021366343190438397,1.0,0.675481549655882,0.21844006828723303,1.0,0.5607881047073848,2
S284U,-0.8659702038319641,0.06701489808401795,1.0,0.3478691288838811,0.2936287448773514,1.0,0.44782240853187155,2
S285U,-1.0,0.0,0.0,0.5464440390429606,0.0,0.0,0.515521115270031,1
S286U,-0.8649637971978724,0.06751810140106379,1.0,0.794002118150573,0.2941835477837047,1.0,0.6105774340606269,2
S287U,-0.8999990569896765,0.05000047150516174,0.6989700043360187,0.5917060405699421,0.2725989416050392,0.569742173380174,0.5308791973616407,2
S288U,-0.9327784552416931,0.03361077237915344,1.0,0.5296352873179133,0.24609043082016732,1.0,0.5098887315714166,2
S289U,-0.8967249154283645,0.05163754228581774,1.0,0.4877512787539585,0.27484809397194526,1.0,0.4959163666748475,2
S290U,-0.9449620649167909,0.027518967541604544,1.0,0.45142770342681793,0.2335586375083878,1.0,0.4837637234772463,2
S291U,-0.9694111473022936,0.015294426348853196,1.0,0.5830847145734357,0.1996817297736323,1.0,0.5279250302736272,2
S292U,-1.0,0.0,0.0,0.44207619650478625,0.0,0.0,0.48061470993021593,1
S293U,-0.9543935240581738,0.022803237970913104,1.0,0.4459391238307765,0.22225122729767938,1.0,0.481916880710658,2
S294U,-0.8989330363878758,0.0505334818060621,0.6989700043360187,0.5859541957286376,0.27333752442527953,0.569742173380174,0.5289064815268356,2
S295U,-1.0,0.0,0.0,0.7752638561885787,0.0,0.0,0.6017492033733784,1
S296U,-1.0,0.0,0.0,0.5533757370074034,0.0,0.0,0.5178523710143266,1
S297U,-1.0,0.0,0.0,0.644377047567968,0.0,0.0,0.5493729950732982,1
S298U,-1.0,0.0,0.0,0.6092343247300464,0.0,0.0,0.5369404737106772,1
S299U,-0.9446715149620454,0.02766424251897731,1.0,0.5017940552070297,0.2338818800561522,1.0,0.5005980206836068,2
S300U,-1.0,0.0,0.0,0.8229875715578443,0.0,0.0,0.6253315257364352,1
S301U,-0.9452493419264658,0.027375329036767093,1.0,0.6374963973590646,0.2332377096679593,1.0,0.5469045312088802,2
S302U,-0.9223804888736258,0.03880975556318711,1.0,0.5522072561171243,0.25543473601065014,1.0,0.5174589774127679,2
S303U,-0.9422220398298662,0.028888980085066907,1.0,0.4157478116906105,0.23655502721778032,1.0,0.47167586739702266,2
S304U,-1.0,0.0,0.0,0.46662032516768703,0.0,0.0,0.4888587122062953,1
S305U,-1.0,0.0,0.0,0.8691563452586482,0.0,0.0,0.6527554558692754,1
S306U,-1.0,0.0,0.0,0.7296837676112685,0.0,0.0,0.5820041920370308,1
S307U,-1.0,0.0,0.0,0.5307549919963614,0.0,0.0,0.5102631806454799,1
S308U,-1.0,0.0,0.0,0.6403155900788491,0.0,0.0,0.5479137041691383,1
S309U,-1.0,0.0,0.0,0.5322428207238044,0.0,0.0,0.5107608799056204,1
S310U,-1.0,0.0,0.0,0.8734858305137808,0.0,0.0,0.6556674603520378,1
S311U,-1.0,0.0,0.0,0.7680633284814851,0.0,0.0,0.5984800428734015,1
S312U,-0.9252956628452038,0.03735216857739809,1.0,0.52679524249779,0.2529200282908483,1.0,0.5089393600771882,2
S313U,-0.9577634616471655,0.021118269176417237,1.0,0.43694546553980773,0.2177618086964262,1.0,0.4788818965491578,2
S314U,-0.9458143019082971,0.027092849045851464,1.0,0.4580000723364075,0.23260267635703974,1.0,0.48597063964665366,2
S315U,-1.0,0.0,0.0,0.6582234336293232,0.0,0.0,0.5543994196051706,1
S316U,-1.0,0.0,0.0,0.7509344107447944,0.0,0.0,0.5909435538308916,1
S317U,-1.0,0.0,0.0,0.867749288596119,0.0,0.0,0.6518242966689831,1
S318U,-1.0,0.0,0.0,0.5697400212380821,0.0,0.0,0.523382143302596,1
S319U,-1.0,0.0,0.0,0.45235115819706284,0.0,0.0,0.48407409700220483,1
S320U,-0.9217675347422877,0.03911623262885616,1.0,0.3688499506814752,0.25595396481473937,1.0,0.45535639781347914,2
S321U,-1.0,0.0,0.0,0.5146016539234267,0.0,0.0,0.5048684484612465,1
S322U,-0.9127194111163667,0.04364029444181666,1.0,0.526633963686397,0.26326811634407304,1.0,0.5088854636967816,2
S323U,-0.9171634471863878,0.04141827640680612,1.0,0.4685029909519661,0.25975464247922864,1.0,0.4894886252135874,2
S324U,-1.0,0.0,0.0,0.5479295584303727,0.0,0.0,0.5160202415176702,1
S325U,-1.0,0.0,0.0,0.7793974675378817,0.0,0.0,0.6036554116170029,1
S326U,-1.0,0.0,0.0,0.5150022992673077,0.0,0.0,0.505002101036584,1
S327U,-1.0,0.0,0.0,0.9227035045748563,0.0,0.0,0.6956256105557085,1
S328U,-1.0,0.0,0.0,0.9232129344202444,0.0,0.0,0.696131012440572,1
S329U,-0.9496823870930722,0.02515880645346391,1.0,0.5878812859136344,0.22810857175582336,1.0,0.5295665973317293,2
S330U,-1.0,0.0,0.0,0.7951480096740368,0.0,0.0,0.6111337024368145,1
S331U,-1.0,0.0,0.0,1.0,0.0,0.0,1.0,1
S332U,-0.868893470417655,0.06555326479117252,1.0,0.694938478684921,0.2919985709233347,1.0,0.5681817625007419,2
S333U,-0.9361463145387792,0.031926842730610416,1.0,0.6626011597810921,0.24281884745842958,1.0,0.5560062795577579,2
S334U,-1.0,0.0,0.0,0.4535380595110846,0.0,0.0,0.48447287142968104,1
S335U,-0.9150044401632873,0.04249777991835635,0.6989700043360187,0.636396159284619,0.2614796750649676,0.569742173380174,0.546511501458064,2
S336U,-0.9562363768825008,0.021881811558749575,1.0,0.4895343893968821,0.2198298417784473,1.0,0.4965110101675511,2
S337U,-1.0,0.0,0.0,0.5009037838320498,0.0,0.0,0.5003012615689982,1
S338U,-0.93492692504539,0.032536537477305005,1.0,0.5692233946547878,0.24401878391986573,1.0,0.5232069245940336,2
S339U,-1.0,0.0,0.0,0.9404699440091043,0.0,0.0,0.7150352025747719,1
S340U,-1.0,0.0,0.0,0.7289174787899155,0.0,0.0,0.5816894014942056,1
S341U,-0.913495785878654,0.043252107060673006,1.0,0.3523979785408864,0.2626646554895375,1.0,0.449463552677791,2
S342U,-1.0,0.0,0.0,0.9829844019888136,0.0,0.0,0.7944816012116195,1
S343U,-1.0,0.0,0.0,0.7884735162930134,0.0,0.0,0.6079213052205655,1
S344U,-1.0,0.0,0.0,0.3119570482208245,0.0,0.0,0.43446374170227753,1
S345U,-0.9274628170011899,0.036268591499405034,1.0,0.903037745514364,0.2509998507308827,1.0,0.6778293515243803,2
S346U,-1.0,0.0,0.0,0.7202113469020055,0.0,0.0,0.5781467113992743,1
S347U,-1.0,0.0,0.0,0.5555933152566868,0.0,0.0,0.5185994537683041,1
S348U,-1.0,0.0,0.0,0.37382612211860733,0.0,0.0,0.4571191537801353,1
S349U,-1.0,0.0,0.0,0.5035518123864611,0.0,0.0,0.5011839551643514,1
S350U,-1.0,0.0,0.0,0.6692125913788483,0.0,0.0,0.5584503625010455,1
S351U,-1.0,0.0,0.0,0.6637594433045204,0.0,0.0,0.5564329368966319,1
S352U,-1.0,0.0,0.0,0.43082762202104685,0.0,0.0,0.47681037571736024,1
S353U,-1.0,0.0,0.0,0.9247779344719205,0.0,0.0,0.6977000771863106,1
S354U,-0.8017650359022337,0.09911748204888315,0.6989700043360187,0.4529086203262108,0.32394741137101907,0.569742173380174,0.48426141270996914,2
S355U,-1.0,0.0,0.0,0.6148729573083482,0.0,0.0,0.5389080472288608,1
S356U,-1.0,0.0,0.0,0.964824716975815,0.0,0.0,0.7509840754082292,1
S357U,-1.0,0.0,0.0,0.5368568872382306,0.0,0.0,0.5123054687644161,1
S358U,-1.0,0.0,0.0,0.6797273056101403,0.0,0.0,0.5623831519493743,1
S359U,-0.913495785878654,0.043252107060673006,1.0,0.6801121787209792,0.2626646554895375,1.0,0.5625282261435733,2
S360U,-1.0,0.0,0.0,0.5488365762554226,0.0,0.0,0.516325119335732,1
S361U,-1.0,0.0,0.0,0.7334237020829911,0.0,0.0,0.5835477220974804,1
S362U,-1.0,0.0,0.0,1.0,0.0,0.0,1.0,1
S363U,-1.0,0.0,0.0,0.4263337044762089,0.0,0.0,0.47528470278673096,1
S364U,-1.0,0.0,0.0,0.6261230595448051,0.0,0.0,0.542862888218911,1
S365U,-1.0,0.0,0.0,0.5469424522581725,0.0,0.0,0.515688551412633,1
S366U,-1.0,0.0,0.0,0.6993851169930261,0.0,0.0,0.5699034362068717,1
S367U,-0.9602137919740625,0.019893104012968732,1.0,0.7450142891411364,0.21431716972375375,1.0,0.5884105702402573,2
S368U,-1.0,0.0,0.0,0.3603802968153985,0.0,0.0,0.4523356820060673,1
S369U,-0.9456742439632247,0.027162878018387626,1.0,0.5996660741968227,0.23276059123971657,1.0,0.5336220138419637,2
S370U,-0.9512916874537467,0.024354156273126648,1.0,0.38117435828006263,0.22615825745669424,1.0,0.45970700935693865,2
S371U,-0.926396516914376,0.036801741542812016,1.0,0.5606965863317138,0.25195021352009694,1.0,0.5203212660070143,2
S372U,-1.0,0.0,0.0,0.9344928077252694,0.0,0.0,0.7080532739669181,1
S373U,-1.0,0.0,0.0,0.43735380478763053,0.0,0.0,0.4790199497455039,1
S374U,-1.0,0.0,0.0,0.6168757075349967,0.0,0.0,0.5396091716557313,1
S375U,-1.0,0.0,0.0,0.517496287093942,0.0,0.0,0.5058342130751604,1
S376U,-1.0,0.0,0.0,0.831043832079571,0.0,0.0,0.629719675108066,1
S377U,-1.0,0.0,0.0,0.43050749759013707,0.0,0.0,0.4767018106962147,1
S378U,-1.0,0.0,0.0,0.9734477295016795,0.0,0.0,0.7686272863109238,1
S379U,-1.0,0.0,0.0,0.7658591161433261,0.0,0.0,0.597491796614565,1
S380U,-0.954775363323285,0.022612318338357473,1.0,0.549578312352123,0.22175592518755333,1.0,0.5165745126250925,2
S381U,-1.0,0.0,0.0,0.6490015330584462,0.0,0.0,0.5510426725615293,1
S382U,-0.9574340842334479,0.021282957883276055,0.6989700043360187,0.7183849823998867,0.21821277848656984,0.569742173380174,0.577411157200804,2
S383U,-1.0,0.0,0.0,0.38411070051305474,0.0,0.0,0.4607363033741422,1
S384U,-1.0,0.0,0.0,0.9223544203519873,0.0,0.0,0.6952807748851342,1
S385U,-1.0,0.0,0.0,0.8520997455208799,0.0,0.0,0.6419233498944508,1
S386U,-1.0,0.0,0.0,0.6477610283223487,0.0,0.0,0.5505939215507972,1
S387U,-0.2379150751942758,0.3810424624028621,0.9168568916127294,0.45627050416758375,0.45966071222888777,0.6900021516686538,0.4853903242054592,2
S388U,-1.0,0.0,0.0,0.6234833494740932,0.0,0.0,0.5419312657215148,1
S389U,-1.0,0.0,0.0,0.46140823645195483,0.0,0.0,0.48711329693599253,1
S390U,-1.0,0.0,0.0,0.5759235552337356,0.0,0.0,0.5254830014022093,1
S391U,-1.0,0.0,0.0,0.5311582634759671,0.0,0.0,0.5103980641371408,1
S392U,-1.0,0.0,0.0,0.4348673139598037,0.0,0.0,0.4781789040587341,1
S393U,-1.0,0.0,0.0,0.9414822198798474,0.0,0.0,0.7162715237913118,1
S394U,-1.0,0.0,0.0,0.8402299653202306,0.0,0.0,0.6349039770919893,1
S395U,-1.0,0.0,0.0,0.6955189781656105,0.0,0.0,0.5684058100213197,1
S396U,-0.9323301747480159,0.03383491262599203,1.0,0.46860486191393613,0.24651606936486545,1.0,0.4895227020303328,2
S397U,-1.0,0.0,0.0,0.8585785552967302,0.0,0.0,0.645925750817341,1
S398U,-1.0,0.0,0.0,0.8983938903059179,0.0,0.0,0.6740371136621379,1
S399U,-1.0,0.0,0.0,0.5736486147313844,0.0,0.0,0.5247092875937618,1
S400U,-1.0,0.0,0.0,0.7252930360505516,0.0,0.0,0.5802070978832542,1
S401U,-1.0,0.0,0.0,0.6876022112570137,0.0,0.0,0.565368139097172,1
S402U,-1.0,0.0,0.0,0.5267991076766889,0.0,0.0,0.508940651768457,1
S403U,-1.0,0.0,0.0,0.6430859515780593,0.0,0.0,0.5489083941353715,1
S404U,-1.0,0.0,0.0,0.500391191862668,0.0,0.0,0.5001303973112061,1
S405U,-1.0,0.0,0.0,0.4937419367669007,0.0,0.0,0.49791388208947585,1
S406U,-0.8955809219945922,0.05220953900270392,1.0,0.5330442161207449,0.275620719150562,1.0,0.5110290278755243,2
S407U,-1.0,0.0,0.0,0.562136012653787,0.0,0.0,0.5208076012140895,1
S408U,-0.8448967278969658,0.0775516360515171,1.0,0.40912272184508747,0.3046265431858414,1.0,0.46940550386512314,2
S409U,-0.9020594172818259,0.04897029135908704,1.0,0.6056163820933003,0.2711536787043218,1.0,0.535682791805897,2
S410U,-1.0,0.0,0.0,0.7464870777386705,0.0,0.0,0.5890374895944329,1
S411U,-0.9258505164220792,0.03707474178896042,1.0,0.6798402020728309,0.25243264316716324,1.0,0.5624256987188817,2
S412U,-0.7891576996814679,0.10542115015926606,1.0,0.522624120418941,0.3289811909856753,1.0,0.5075459535676877,2
S413U,-1.0,0.0,0.0,0.4864633848957016,0.0,0.0,0.4954868146356766,1
S414U,-1.0,0.0,0.0,0.5782312755353808,0.0,0.0,0.5262688575106312,1
S415U,-1.0,0.0,0.0,0.6324600398855862,0.0,0.0,0.5451090957353332,1
S416U,-0.974514997102148,0.012742501448926025,1.0,0.6881777552464086,0.1900021857963276,1.0,0.5655877015946392,2
S417U,-0.9345091786852731,0.03274541065736347,1.0,0.3464089741429345,0.24442578105290694,1.0,0.4472914144086132,2
S418U,-1.0,0.0,0.0,0.5782146222409332,0.0,0.0,0.5262631828420533,1
S419U,-1.0,0.0,0.0,0.4368146990278311,0.0,0.0,0.47883768099142443,1
S420U,-0.9340855876567583,0.032957206171620845,1.0,0.4487115119231262,0.24483638366254884,1.0,0.4828502238272236,2
S421U,-1.0,0.0,0.0,0.6432086915657861,0.0,0.0,0.5489525335153287,1
S422U,-0.9376974528792262,0.031151273560386883,1.0,0.4354128425730671,0.24126601398813396,1.0,0.47836350993274995,2
S423U,-1.0,0.0,0.0,0.6225942656240278,0.0,0.0,0.5416180037634855,1
S424U,-0.9198639526687248,0.04006802366563761,1.0,0.5126022622771165,0.2575462479645209,1.0,0.5042015450692966,2
S425U,-1.0,0.0,0.0,1.0,0.0,0.0,1.0,1
S426U,-1.0,0.0,0.0,0.5405194417507873,0.0,0.0,0.5135328587122757,1
S427U,-1.0,0.0,0.0,0.8848542549659384,0.0,0.0,0.6636809836045702,1
S428U,-0.5605030130784867,0.21974849346075664,0.6989700043360187,0.4027725505631131,0.39594796501575275,0.569742173380174,0.4672199178787136,2
S429U,-0.9040295970041281,0.04798520149793595,0.6989700043360187,0.557467428743505,0.26974908686547316,0.569742173380174,0.5192313421604825,2
S430U,-1.0,0.0,0.0,0.6727286495457262,0.0,0.0,0.5597590262171841,1
S431U,-1.0,0.0,0.0,0.5410006782126353,0.0,0.0,0.5136942243218279,1
S432U,-1.0,0.0,0.0,0.6499019543928982,0.0,0.0,0.5513688027582047,1
S433U,-1.0,0.0,0.0,0.6746569067984582,0.0,0.0,0.5604794225106648,1
S434U,-0.9205095576160659,0.03974522119196705,1.0,0.4520750351221866,0.2570096016372218,1.0,0.4839813022793105,2
S435U,-1.0,0.0,0.0,0.371407563866073,0.0,0.0,0.4562634756993043,1
S436U,-0.8824053343411352,0.05879733282943239,1.0,0.4436201150671377,0.28407156826533503,1.0,0.4811353998820945,2
S437U,-1.0,0.0,0.0,0.4476322690426746,0.0,0.0,0.4824870056706122,1
S438U,-0.9530005521685729,0.023499723915713533,1.0,0.4191672485370057,0.22403088683832995,1.0,0.47284401129446535,2
S439U,-1.0,0.0,0.0,0.6927923391301607,0.0,0.0,0.5673552717491437,1
S440U,-1.0,0.0,0.0,0.9774272195729359,0.0,0.0,0.7783470590169114,1
S441U,-1.0,0.0,0.0,0.35479780410134987,0.0,0.0,0.4503297247482549,1
S442U,-0.9068286820045106,0.046585658997744694,1.0,0.3870227445475153,0.26771392595530563,1.0,0.4617544888003422,2
S443U,-0.8846096067477929,0.05769519662610356,0.6989700043360187,0.4382434685673854,0.2827114116420321,0.569742173380174,0.4793206432865315,2
S444U,-1.0,0.0,0.0,0.6611838077697898,0.0,0.0,0.5554850579789622,1
S445U,-1.0,0.0,0.0,0.6383019802343304,0.0,0.0,0.5471925926104392,1
S446U,-0.9111203043154242,0.04443984784228788,1.0,0.6765595190166276,0.2644978400835012,1.0,0.5611921569944057,2
S447U,-1.0,0.0,0.0,0.4305955215801236,0.0,0.0,0.47673166434908987,1
S448U,-1.0,0.0,0.0,0.5095991695818689,0.0,0.0,0.5032000727001633,1
S449U,-1.0,0.0,0.0,0.8019543063611116,0.0,0.0,0.6144803098208151,1
S450U,-1.0,0.0,0.0,0.5631573546559003,0.0,0.0,0.5211528694109233,1
S451U,-1.0,0.0,0.0,0.40333029795490905,0.0,0.0,0.46741227101650096,1
S452U,-0.9706610241663083,0.014669487916845858,1.0,0.5525564603481741,0.19743515061898748,1.0,0.5175765260944756,2
S453U,-1.0,0.0,0.0,0.5620834461300221,0.0,0.0,0.5207898352212332,1
S454U,-1.0,0.0,0.0,0.6383474068211281,0.0,0.0,0.5472088436346307,1
S455U,-0.9171634471863878,0.04141827640680612,1.0,0.7733706973628964,0.25975464247922864,1.0,0.6008834745776612,2
S456U,-1.0,0.0,0.0,0.6051917653185543,0.0,0.0,0.535535421619618,1
S457U,-1.0,0.0,0.0,0.41099090144535033,0.0,0.0,0.47004669664656773,1
S458U,-1.0,0.0,0.0,0.6115035883776408,0.0,0.0,0.537731207378903,1
S459U,-0.9696541323396045,0.015172933830197743,1.0,0.6184947397574605,0.1992506661489552,1.0,0.5401768638519814,2
S460U,-1.0,0.0,0.0,0.5780772727529907,0.0,0.0,0.5262163825732559,1
S461U,-1.0,0.0,0.0,0.9161120302414769,0.0,0.0,0.6893078616145096,1
S462U,-1.0,0.0,0.0,0.6237479388079393,0.0,0.0,0.5420245418551473,1
S463U,-0.909456146730357,0.04527192663482149,1.0,0.5008130498421992,0.2657591852377248,1.0,0.5002710168263992,2
S464U,-1.0,0.0,0.0,0.5893783472195772,0.0,0.0,0.5300799735673379,1
S465U,-0.9304703530051922,0.034764823497403896,1.0,0.4942576342651144,0.2482585122652412,1.0,0.4980858032767042,2
S466U,-1.0,0.0,0.0,0.726324695935737,0.0,0.0,0.5806279193031174,1
S467U,-1.0,0.0,0.0,0.9020483873763642,0.0,0.0,0.6770100373618523,1
S468U,-1.0,0.0,0.0,0.6685496625643121,0.0,0.0,0.5582043244521248,1
S469U,-0.9318753741946798,0.0340623129026601,1.0,0.5338264489148555,0.24694562813577592,1.0,0.5112908129127073,2
S470U,-1.0,0.0,0.0,0.6653941755528211,0.0,0.0,0.5570361902554771,1
S471U,-1.0,0.0,0.0,0.44402051509594287,0.0,0.0,0.481270382032746,1
S472U,-1.0,0.0,0.0,1.0,0.0,0.0,1.0,1
S473U,-1.0,0.0,0.0,0.28702417779890166,0.0,0.0,0.42475251265579345,1
S474U,-1.0,0.0,0.0,0.786298113167764,0.0,0.0,0.6068883899320832,1
S475U,-0.017141310287294265,0.49142934485635287,0.919695736878353,0.9365301432493285,0.4971428661936215,0.6926930872810055,0.710374901349925,3
S476U,-1.0,0.0,0.0,0.5806543180333988,0.0,0.0,0.5270950980376334,1
S477U,-1.0,0.0,0.0,0.5414037154727808,0.0,0.0,0.5138293861224568,1
S478U,-1.0,0.0,0.0,0.6935688892340092,0.0,0.0,0.567653995706441,1
S479U,-0.7864201846617227,0.10678990766913865,0.6989700043360187,0.35236448929246067,0.3300439841276323,0.569742173380174,0.44945144860763114,2
S480U,-1.0,0.0,0.0,0.5148141982309413,0.0,0.0,0.5049393511011296,1
S481U,-1.0,0.0,0.0,0.5341213059318426,0.0,0.0,0.5113895036749208,1
S482U,-1.0,0.0,0.0,0.6207043203465601,0.0,0.0,0.5409529489091282,1
S483U,-0.9431675954996684,0.02841620225016578,1.0,0.5275366098911823,0.2355339271121979,1.0,0.509187132798285,2
S484U,-0.49674166522435426,0.25162916738782287,0.723565409056325,0.9247779344719205,0.41015756327074754,0.5795043184966341,0.6977000771863106,2
S485U,-1.0,0.0,0.0,0.5893019418239267,0.0,0.0,0.5300537602958891,1
S486U,-1.0,0.0,0.0,0.5479193682233561,0.0,0.0,0.5160168168054273,1
S487U,-1.0,0.0,0.0,0.4826013207616594,0.0,0.0,0.4941983581322684,1
S488U,-1.0,0.0,0.0,0.9848528892048056,0.0,0.0,0.8008413028972552,1
S489U,-1.0,0.0,0.0,0.5635008005834921,0.0,0.0,0.5212690085043878,1
S490U,-1.0,0.0,0.0,0.7581401318790072,0.0,0.0,0.5940748598425413,1
S491U,-0.26171513385654943,0.3691424330717253,0.4926213785839081,0.5890179212841267,0.4554602454418425,0.49754030080375283,0.529956329621231,2
S492U,-0.9030553939375269,0.04847230303123656,1.0,0.4223689374097058,0.2704464333933143,1.0,0.4739356332557569,2
S493U,-1.0,0.0,0.0,1.0,0.0,0.0,1.0,1
S494U,-1.0,0.0,0.0,1.0,0.0,0.0,1.0,1
S495U,-0.9506157556755872,0.024692122162206398,1.0,0.7324418904476837,0.22698351503844824,1.0,0.5831413491680945,2
S496U,-1.0,0.0,0.0,0.6608148002952038,0.0,0.0,0.5553495127265367,1
S497U,-1.0,0.0,0.0,0.6778728467143749,0.0,0.0,0.561685269285714,1
S498U,-1.0,0.0,0.0,0.46508159222220347,0.0,0.0,0.48834366492785064,1
S499U,-1.0,0.0,0.0,0.4737695359285373,0.0,0.0,0.4912493711636506,1
S500U,1.0,1.0,0.31424231733155406,0.0,1.0,0.4353342152148629,0.0,0
S501U,0.9654036131975774,0.9827018065987887,0.42847001978234467,1.0,0.7935679529686119,0.4760104192552665,1.0,3
S502U,1.0,1.0,0.4527072800406965,0.0,1.0,0.48419376341946024,0.0,0
S503U,1.0,1.0,0.33469371529805725,0.0,1.0,0.44299627632058686,0.0,0
S504U,1.0,1.0,0.32329627141505846,0.0,1.0,0.4387537422757468,0.0,0
S505U,1.0,1.0,0.3239460876388074,0.0,1.0,0.43899743527153534,0.0,0
S506U,1.0,1.0,0.36241928292875825,0.0,1.0,0.4530653291307236,0.0,0
S507U,0.9153727292127266,0.9576863646063634,0.4883103590917782,0.6989700043360187,0.7388121187603118,0.49610282178206583,0.569742173380174,3
S508U,1.0,1.0,0.6566831271209403,0.0,1.0,0.5538361401294045,0.0,0
S509U,1.0,1.0,0.5202551399301237,0.0,1.0,0.5067549993051479,0.0,0
S510U,1.0,1.0,0.2185136404243876,0.0,1.0,0.39537276829006707,0.0,0
S511U,1.0,1.0,0.33913765580780486,0.0,1.0,0.44463302683477934,0.0,0
S512U,0.9599970971217879,0.979998548560894,0.231177903859635,1.0,0.7853715879219664,0.4011784389199512,1.0,3
S513U,1.0,1.0,0.7186563880064121,0.0,1.0,0.5775203012288906,0.0,0
S514U,1.0,1.0,0.6052338818562228,0.0,1.0,0.5355500366640971,0.0,0
S515U,1.0,1.0,0.3315164302636209,0.0,1.0,0.44182019305335357,0.0,0
S516U,1.0,1.0,0.20320098069858017,0.0,1.0,0.3880612571191439,0.0,0
S517U,1.0,1.0,0.7112422280771624,0.0,1.0,0.574558620707581,0.0,0
S518U,1.0,1.0,0.5097936655362366,0.0,1.0,0.5032649263662491,0.0,0
S519U,1.0,1.0,0.7160784706760339,0.0,1.0,0.5764858707194599,0.0,0
S520U,1.0,1.0,0.43423203125206145,0.0,1.0,0.4779638657642286,0.0,0
S521U,1.0,1.0,0.39859920495930645,0.0,1.0,0.4657781569348622,0.0,0
S522U,1.0,1.0,0.3064381294447853,0.0,1.0,0.43234870591409835,0.0,0
S523U,1.0,1.0,0.24189222029341817,0.0,1.0,0.40593932219540907,0.0,0
S524U,1.0,1.0,0.6474647055471687,0.0,1.0,0.5504868218780086,0.0,0
S525U,1.0,1.0,0.4298219540594709,0.0,1.0,0.47646926071849144,0.0,0
S526U,1.0,1.0,0.6208465344054294,0.0,1.0,0.541002952754573,0.0,0
S527U,1.0,1.0,0.3013809816436628,0.0,1.0,0.43039409031332165,0.0,0
S528U,1.0,1.0,0.34312097311138623,0.0,1.0,0.4460922801953011,0.0,0
S529U,1.0,1.0,0.7176618101442445,0.0,1.0,0.5771206130159302,0.0,0
S530U,1.0,1.0,0.4802585915741443,0.0,1.0,0.4934164884091067,0.0,0
S531U,1.0,1.0,0.4280961612861347,0.0,1.0,0.4758834765189249,0.0,0
S532U,1.0,1.0,0.21053326250590554,0.0,1.0,0.3916048368535339,0.0,0
S533U,1.0,1.0,0.3454273712128336,0.0,1.0,0.446933925193833,0.0,0
S534U,1.0,1.0,0.5994719935114019,0.0,1.0,0.5335549528563794,0.0,0
S535U,1.0,1.0,0.47725586856244817,0.0,1.0,0.4924139694295641,0.0,0
S536U,1.0,1.0,0.4903606915830674,0.0,1.0,0.49678654328481203,0.0,0
S537U,0.9279835283145862,0.963991764157293,0.6793705257603498,1.0,0.749468261094225,0.5622487400404979,1.0,3
S538U,1.0,1.0,0.6156114591071598,0.0,1.0,0.5391664406545936,0.0,0
S539U,1.0,1.0,0.2809965030296656,0.0,1.0,0.4223400287485014,0.0,0
S540U,0.9304703530051922,0.9652351765025962,0.467231712050308,1.0,0.7517414877347588,0.4890633037203284,1.0,3
S541U,1.0,1.0,0.7405511260376894,0.0,1.0,0.5865234065924119,0.0,0
S542U,1.0,1.0,0.520928129564789,0.0,1.0,0.5069796679477868,0.0,0
S543U,0.7060895881011873,0.8530447940505936,0.2387058658437432,0.4731975075880329,0.6424992249240217,0.40453703747640435,0.4910582170973449,3
S544U,1.0,1.0,0.3251575179293307,0.0,1.0,0.43945114384993994,0.0,0
S545U,1.0,1.0,0.45317673116791046,0.0,1.0,0.48435148942251416,0.0,0
S546U,1.0,1.0,0.8004486393015684,0.0,1.0,0.6137335768111182,0.0,0
S547U,1.0,1.0,0.4948912395765481,0.0,1.0,0.49829702717994184,0.0,0
S548U,0.9501537797861279,0.975076889893064,0.33963914574964715,1.0,0.7724575567548806,0.4448171453726222,1.0,3
S549U,0.9327784552416931,0.9663892276208466,0.4602146201863083,1.0,0.7539095691798328,0.48671323969411223,1.0,3
S550U,1.0,1.0,0.7819968234672308,0.0,1.0,0.6048656056837485,0.0,0
S551U,1.0,1.0,0.33494160477087587,0.0,1.0,0.4430878256422771,0.0,0
S552U,1.0,1.0,0.16893612391452117,0.0,1.0,0.37026922903039083,0.0,0
S553U,0.8596727290094067,0.9298363645047034,0.2965707492532278,0.3979400086720376,0.7029515718189822,0.42851956960404175,0.46555001686847425,3
S554U,1.0,1.0,0.4934132559355866,0.0,1.0,0.4978043057386293,0.0,0
S555U,1.0,1.0,0.2676440579600402,0.0,1.0,0.4168941852293812,0.0,0
S556U,1.0,1.0,0.19321377429318298,0.0,1.0,0.3830977260790163,0.0,0
S557U,1.0,1.0,0.919695736878353,0.0,1.0,0.6926930872810055,0.0,0
S558U,0.940907071614267,0.9704535358071336,0.9247792305266822,1.0,0.7620466535417069,0.6977013870590235,1.0,3
S559U,1.0,1.0,0.8753793333779984,0.0,1.0,0.6569641041418619,0.0,0
S560U,0.9532051396151423,0.9766025698075711,0.311199192691778,1.0,0.7762278692723182,0.43417439127047247,1.0,3
S561U,1.0,1.0,0.9590138300914188,0.0,1.0,0.7409458185312182,0.0,0
S562U,1.0,1.0,0.4320575863741124,0.0,1.0,0.4772273369907826,0.0,0
S563U,1.0,1.0,0.19107879551433593,0.0,1.0,0.38201478773924663,0.0,0
S564U,1.0,1.0,0.8582190585726217,0.0,1.0,0.6457002452565446,0.0,0
S565U,0.6176193248462198,0.8088096624231099,0.5815428707325041,0.4453910679124502,0.6179284352540637,0.5273983815808271,0.48173225653454665,3
S566U,1.0,1.0,0.4981351279314712,0.0,1.0,0.4993783734149428,0.0,0
S567U,1.0,1.0,0.36151483148324715,0.0,1.0,0.4527418683450747,0.0,0
S568U,1.0,1.0,0.8022105047814188,0.0,1.0,0.6146077421519972,0.0,0
S569U,1.0,1.0,0.4260432195888837,0.0,1.0,0.4751859601673933,0.0,0
S570U,1.0,1.0,0.35780381111270576,0.0,1.0,0.4514114010927438,0.0,0
S571U,1.0,1.0,0.4661710182705443,0.0,1.0,0.48870833936607266,0.0,0
S572U,1.0,1.0,0.4777265946117485,0.0,1.0,0.4925711613102985,0.0,0
S573U,1.0,1.0,0.31856177386757334,0.0,1.0,0.4369713051865479,0.0,0
S574U,1.0,1.0,0.4530106965273073,0.0,1.0,0.48429570802490635,0.0,0
S575U,1.0,1.0,0.20430884328833787,0.0,1.0,0.38860192351087025,0.0,0
S576U,1.0,1.0,0.4853278136623532,0.0,1.0,0.49510802281063165,0.0,0
S577U,1.0,1.0,0.5626704992819621,0.0,1.0,0.5209882663699156,0.0,0
S578U,1.0,1.0,0.24012122251288393,0.0,1.0,0.4051613018620885,0.0,0
S579U,1.0,1.0,0.6972643811043746,0.0,1.0,0.569080742285719,0.0,0
S580U,1.0,1.0,0.7366647879188273,0.0,1.0,0.5848952131116736,0.0,0
S581U,0.5978208097977271,0.7989104048988636,0.9285792442058056,1.0,0.6129744990342201,0.7016196430051821,1.0,3
S582U,1.0,1.0,0.32551923972378183,0.0,1.0,0.4395864665504781,0.0,0
S583U,1.0,1.0,0.7429420433579648,0.0,1.0,0.5875320169302434,0.0,0
S584U,0.9192068641040888,0.9596034320520443,0.22347893700633137,1.0,0.7419110554212451,0.397673373924833,1.0,3
S585U,1.0,1.0,0.4732040728791005,0.0,1.0,0.49106041113096355,0.0,0
S586U,1.0,1.0,0.4853945256389375,0.0,1.0,0.4951302770931343,0.0,0
S587U,1.0,1.0,0.8294636456987747,0.0,1.0,0.6288477752049798,0.0,0
S588U,0.9309456178743495,0.9654728089371747,0.3554655044077363,1.0,0.7521832208183653,0.450570301562803,1.0,3
S589U,0.8585594574581793,0.9292797287290897,0.45188519782480896,0.6989700043360187,0.7023595383459635,0.48391749989776073,0.569742173380174,3
S590U,1.0,1.0,0.3007406809685512,0.0,1.0,0.43014544557073814,0.0,0
S591U,0.8207439330716786,0.9103719665358393,0.6266380143661714,0.6989700043360187,0.6841108003632582,0.543044901525586,0.569742173380174,3
S592U,1.0,1.0,0.5348950142433083,0.0,1.0,0.5116485032910221,0.0,0
S593U,1.0,1.0,0.3205520652950655,0.0,1.0,0.4377221031413246,0.0,0
S594U,1.0,1.0,0.7482722474705106,0.0,1.0,0.589800223413463,0.0,0
S595U,0.6715992860710533,0.8357996430355267,0.7164813600580207,1.0,0.6323784115703064,0.5766472048946969,1.0,3
S596U,1.0,1.0,0.4790490994480361,0.0,1.0,0.4930127298707298,0.0,0
S597U,1.0,1.0,1.0,0.0,1.0,1.0,0.0,0
S598U,1.0,1.0,0.24017629455982492,0.0,1.0,0.4051855474298188,0.0,0
S599U,0.5264270750825482,0.7632135375412741,0.5579910293352687,0.8218887460288663,0.5963131211463467,0.5194079696890646,0.6247436987281101,3
S600U,1.0,1.0,0.3660951630236161,0.0,1.0,0.454376793195715,0.0,0
S601U,1.0,1.0,1.0,0.0,1.0,1.0,0.0,0
S602U,1.0,1.0,1.0,0.0,1.0,1.0,0.0,0
S603U,1.0,1.0,0.4685721552484453,0.0,1.0,0.48951176142101116,0.0,0
S604U,1.0,1.0,0.3200965286391234,0.0,1.0,0.4375504542072543,0.0,0
S605U,1.0,1.0,0.24587909787501083,0.0,1.0,0.4076784440511867,0.0,0
S606U,1.0,1.0,0.5721539385398462,0.0,1.0,0.5242014580788927,0.0,0
S607U,1.0,1.0,0.2695307891180435,0.0,1.0,0.41767263472566724,0.0,0
S608U,1.0,1.0,0.5037951923028777,0.0,1.0,0.5012650856973024,0.0,0
S609U,1.0,1.0,0.6362367816758555,0.0,1.0,0.5464546057537977,0.0,0
S610U,1.0,1.0,0.2988219569178483,0.0,1.0,0.42939875491365714,0.0,0
S611U,1.0,1.0,0.48555258166267057,0.0,1.0,0.49518300199470777,0.0,0
S612U,1.0,1.0,1.0,0.0,1.0,1.0,0.0,0
S613U,1.0,1.0,0.2767759452657592,0.0,1.0,0.4206342569364558,0.0,0
S614U,1.0,1.0,0.5177475728622838,0.0,1.0,0.5059180675888271,0.0,0
S615U,1.0,1.0,0.9587289444612538,0.0,1.0,0.7404833571990264,0.0,0
S616U,1.0,1.0,0.26554385148974113,0.0,1.0,0.41602404105568735,0.0,0
S617U,1.0,1.0,0.8708037164432378,0.0,1.0,0.6538550162609121,0.0,0
S618U,1.0,1.0,0.8400507178352447,0.0,1.0,0.6348008477272196,0.0,0
S619U,1.0,1.0,0.4148717107372937,0.0,1.0,0.4713761828816327,0.0,0
S620U,1.0,1.0,0.6535359845703186,0.0,1.0,0.5526885526591181,0.0,0
S621U,1.0,1.0,0.31309361114593726,0.0,1.0,0.4348970477366971,0.0,0
S622U,1.0,1.0,0.43014567383190516,0.0,1.0,0.47657908294873497,0.0,0
S623U,1.0,1.0,0.4384089212639858,0.0,1.0,0.4793765507137458,0.0,0
S624U,1.0,1.0,0.6258912687144279,0.0,1.0,0.5427809898611818,0.0,0
S625U,1.0,1.0,0.593882240079756,0.0,1.0,0.5316275393573999,0.0,0
S626U,1.0,1.0,0.24645262535091284,0.0,1.0,0.40792724157734506,0.0,0
S627U,1.0,1.0,0.7611043144461911,0.0,1.0,0.5953791105151658,0.0,0
S628U,1.0,1.0,0.4187468989118249,0.0,1.0,0.4727005410195983,0.0,0
S629U,1.0,1.0,0.5629384463913358,0.0,1.0,0.521078853262646,0.0,0
S630U,1.0,1.0,0.7478492284341518,0.0,1.0,0.5896191996733441,0.0,0
S631U,0.5605030130784867,0.7802515065392434,0.5373703817619349,0.7077147467613711,0.6040520349842472,0.5124774761981326,0.5731635775665509,3
S632U,1.0,1.0,0.9528914960120448,0.0,1.0,0.7315202024109817,0.0,0
S633U,1.0,1.0,0.5870469412887899,0.0,1.0,0.5292806969850479,0.0,0
S634U,1.0,1.0,0.6827648344017136,0.0,1.0,0.5635303576582734,0.0,0
S635U,1.0,1.0,0.5686770241945731,0.0,1.0,0.523021667353445,0.0,0
S636U,1.0,1.0,0.5879322869236876,0.0,1.0,0.5295840785389331,0.0,0
S637U,1.0,1.0,0.7079346762784127,0.0,1.0,0.5732502980853419,0.0,0
S638U,1.0,1.0,0.4483773448770283,0.0,1.0,0.4827377758096498,0.0,0
S639U,1.0,1.0,0.23901869681819532,0.0,1.0,0.4046752077230343,0.0,0
S640U,1.0,1.0,0.29061276525933655,0.0,1.0,0.42617608946494373,0.0,0
S641U,1.0,1.0,0.4010657908131767,0.0,1.0,0.46663081861869077,0.0,0
S642U,1.0,1.0,0.6448157204381222,0.0,1.0,0.5495310036557628,0.0,0
S643U,0.915737571223767,0.9578687856118835,0.47830101310798456,1.0,0.7391021718058628,0.4927629638416663,1.0,3
S644U,1.0,1.0,0.9705169468090202,0.0,1.0,0.7621804377138175,0.0,0
S645U,1.0,1.0,0.44075171731701845,0.0,1.0,0.4801677593261923,0.0,0
S646U,1.0,1.0,0.36406586537815855,0.0,1.0,0.4536534092226555,0.0,0
S647U,1.0,1.0,0.6211233894237991,0.0,1.0,0.541100316253946,0.0,0
S648U,1.0,1.0,0.33537909435431534,0.0,1.0,0.4432493245730185,0.0,0
S649U,1.0,1.0,0.5180558852718351,0.0,1.0,0.5060209556368607,0.0,0
S650U,1.0,1.0,0.3927013396047341,0.0,1.0,0.4637328610011962,0.0,0
S651U,1.0,1.0,0.4650847144351643,0.0,1.0,0.48834471019744735,0.0,0
S652U,1.0,1.0,0.5705132321218576,0.0,1.0,0.5236444705614232,0.0,0
S653U,1.0,1.0,0.40897302477356534,0.0,1.0,0.46935409076540424,0.0,0
S654U,1.0,1.0,0.4711628669450635,0.0,1.0,0.490378131034261,0.0,0
S655U,1.0,1.0,0.5496295943357759,0.0,1.0,0.5165917575443333,0.0,0
S656U,1.0,1.0,0.5344401235929019,0.0,1.0,0.5114962222195721,0.0,0
S657U,1.0,1.0,0.3676594873540724,0.0,1.0,0.45493340265189114,0.0,0
S658U,1.0,1.0,0.4519823582010911,0.0,1.0,0.4839501550316708,0.0,0
S659U,1.0,1.0,0.2723673366307051,0.0,1.0,0.4188372966806319,0.0,0
S660U,1.0,1.0,0.2747685854067967,0.0,1.0,0.4198180105143037,0.0,0
S661U,1.0,1.0,0.607955063261366,0.0,1.0,0.5364953558093751,0.0,0
S662U,1.0,1.0,0.4978210862327963,0.0,1.0,0.49927369132407295,0.0,0
S663U,1.0,1.0,0.361741147785989,0.0,1.0,0.4528228353933049,0.0,0
S664U,1.0,1.0,0.4207042728483419,0.0,1.0,0.4733683146075344,0.0,0
S665U,1.0,1.0,0.2574754720942427,0.0,1.0,0.4126444991746057,0.0,0
S666U,1.0,1.0,0.33826335497583093,0.0,1.0,0.4443117523740746,0.0,0
S667U,1.0,1.0,0.7744711510402059,0.0,1.0,0.6013861552654269,0.0,0
S668U,0.9127194111163667,0.9563597055581834,0.3938255034097241,1.0,0.7367318836559271,0.46412343069789036,1.0,3
S669U,1.0,1.0,0.3408945976887402,0.0,1.0,0.44527756450605954,0.0,0
S670U,1.0,1.0,0.4187166586086388,0.0,1.0,0.47269021827176555,0.0,0
S671U,1.0,1.0,0.572127862055501,0.0,1.0,0.524192601913451,0.0,0
S672U,1.0,1.0,0.37124336471794306,0.0,1.0,0.45620530975224827,0.0,0
S673U,1.0,1.0,0.38409411327674114,0.0,1.0,0.4607304963923911,0.0,0
S674U,1.0,1.0,0.31069433283352255,0.0,1.0,0.43398144554185186,0.0,0
S675U,1.0,1.0,0.36906290675750364,0.0,1.0,0.45543201214529005,0.0,0
S676U,1.0,1.0,0.7011193774239969,0.0,1.0,0.5705783788979836,0.0,0
S677U,1.0,1.0,0.38926979766022796,0.0,1.0,0.4625384481733889,0.0,0
S678U,1.0,1.0,0.38151173881319833,0.0,1.0,0.45982540939670763,0.0,0
S679U,0.5413141837994597,0.7706570918997299,0.8408407829252721,0.43073388163244586,0.5996503406377613,0.6352560207006018,0.4767785869882815,3
S680U,1.0,1.0,0.5703206506401295,0.0,1.0,0.5235791237902022,0.0,0
S681U,1.0,1.0,0.5840478162105052,0.0,1.0,0.5282542471437207,0.0,0
S682U,1.0,1.0,0.31286449308916275,0.0,1.0,0.4348097592798558,0.0,0
S683U,1.0,1.0,0.33439019167828,0.0,1.0,0.4428841398437216,0.0,0
S684U,1.0,1.0,0.43251907806476875,0.0,1.0,0.4773837186075044,0.0,0
S685U,1.0,1.0,0.6234434636948833,0.0,1.0,0.541917206717412,0.0,0
S686U,1.0,1.0,0.46982736273412284,0.0,1.0,0.4899315803616101,0.0,0
S687U,1.0,1.0,0.43594999275745316,0.0,1.0,0.47854523463379606,0.0,0
S688U,1.0,1.0,0.4659874338913387,0.0,1.0,0.48864689314745774,0.0,0
S689U,1.0,1.0,0.7072928517697379,0.0,1.0,0.5729973144950559,0.0,0
S690U,1.0,1.0,0.7895738358192103,0.0,1.0,0.6084463444779631,0.0,0
S691U,0.8955809219945922,0.947790460997296,0.32419006128653605,1.0,0.724379280849438,0.4390888716744775,1.0,3
S692U,1.0,1.0,0.6727453395935468,0.0,1.0,0.5597652533053005,0.0,0
S693U,1.0,1.0,0.260629927801887,0.0,1.0,0.41397285913054904,0.0,0
S694U,1.0,1.0,0.4943731107887893,0.0,1.0,0.49812429987460793,0.0,0
S695U,1.0,1.0,0.40417392458390244,0.0,1.0,0.4677030715751917,0.0,0
S696U,1.0,1.0,0.794002118150573,0.0,1.0,0.6105774340606269,0.0,0
S697U,1.0,1.0,0.41690671694211223,0.0,1.0,0.4720720416146691,0.0,0
S698U,1.0,1.0,0.3691811667211441,0.0,1.0,0.4554739957858549,0.0,0
S699U,1.0,1.0,0.3750411226288798,0.0,1.0,0.45754826837748297,0.0,0
S700U,1.0,1.0,0.37924752820251695,0.0,1.0,0.45903012129725135,0.0,0
S701U,1.0,1.0,0.13899888066204213,0.0,1.0,0.3525437167451407,0.0,0
S702U,1.0,1.0,0.6776786020527477,0.0,1.0,0.5616122780659376,0.0,0
S703U,0.8944089636248047,0.9472044818124024,0.6739936522849392,1.0,0.7235946469919355,0.5602314115506906,1.0,3
S704U,1.0,1.0,0.435931281455358,0.0,1.0,0.4785389051252739,0.0,0
S705U,1.0,1.0,0.5160974543078067,0.0,1.0,0.5053674669738669,0.0,0
S706U,1.0,1.0,0.7009614854781906,0.0,1.0,0.5705168484441002,0.0,0
S707U,1.0,1.0,1.0,0.0,1.0,1.0,0.0,0
S708U,1.0,1.0,0.9674817779981806,0.0,1.0,0.7560170027993521,0.0,0
S709U,1.0,1.0,0.2371734204228697,0.0,1.0,0.40385860795104117,0.0,0
S710U,1.0,1.0,0.3273747052733873,0.0,1.0,0.44027953244740065,0.0,0
S711U,1.0,1.0,0.5938657458050285,0.0,1.0,0.5316218631795355,0.0,0
S712U,1.0,1.0,1.0,0.0,1.0,1.0,0.0,0
S713U,1.0,1.0,0.6292104381977515,0.0,1.0,0.5439554941425481,0.0,0
S714U,1.0,1.0,0.7410009880315411,0.0,1.0,0.5867127730248072,0.0,0
S715U,1.0,1.0,0.37473342657694164,0.0,1.0,0.45743964292736033,0.0,0
S716U,1.0,1.0,0.6198286707859003,0.0,1.0,0.5406452041497897,0.0,0
S717U,1.0,1.0,0.4023104378132051,0.0,1.0,0.46706048843629333,0.0,0
S718U,1.0,1.0,0.7498420691495307,0.0,1.0,0.5904735595385471,0.0,0
S719U,1.0,1.0,0.3231237091790389,0.0,1.0,0.43868899028988045,0.0,0
S720U,1.0,1.0,0.36828769976705733,0.0,1.0,0.45515668194487324,0.0,0
S721U,1.0,1.0,0.32857980055490466,0.0,1.0,0.44072871164692506,0.0,0
S722U,1.0,1.0,0.3837607660699899,0.0,1.0,0.46061377798071546,0.0,0
S723U,1.0,1.0,0.4924827917659932,0.0,1.0,0.4974940960844046,0.0,0
S724U,1.0,1.0,0.3433894797447081,0.0,1.0,0.44619038525634713,0.0,0
S725U,1.0,1.0,0.5081026324526658,0.0,1.0,0.5027010876716542,0.0,0
S726U,1.0,1.0,0.2772906619967008,0.0,1.0,0.42084303449081334,0.0,0
S727U,0.8649637971978724,0.9324818985989363,0.4253975374837462,1.0,0.7058164522162953,0.4749664223976184,1.0,3
S728U,1.0,1.0,0.7796808593810078,0.0,1.0,0.6037869141219793,0.0,0
S729U,1.0,1.0,0.6711282917108365,0.0,1.0,0.5591625967823958,0.0,0
S730U,1.0,1.0,0.9650458793844823,0.0,1.0,0.7513913087703183,0.0,0
S731U,1.0,1.0,0.6195801190282189,0.0,1.0,0.5405578956503513,0.0,0
S732U,1.0,1.0,0.24913834373820654,0.0,1.0,0.40908778730585843,0.0,0
S733U,1.0,1.0,0.414948662297734,0.0,1.0,0.4714025119333465,0.0,0
S734U,1.0,1.0,0.24703554984914744,0.0,1.0,0.4081797648799667,0.0,0
S735U,1.0,1.0,0.22622884147482492,0.0,1.0,0.3989337728607881,0.0,0
S736U,1.0,1.0,0.6628568061265753,0.0,1.0,0.5561003927727564,0.0,0
S737U,1.0,1.0,0.6841261295404663,0.0,1.0,0.5640461708961962,0.0,0
S738U,0.7891576996814679,0.8945788498407339,0.20485756409109823,1.0,0.6710188090143246,0.3888690082038546,1.0,3
S739U,1.0,1.0,0.4679480397784599,0.0,1.0,0.4893029749334635,0.0,0
S740U,0.8279630506468862,0.9139815253234431,0.6999031922518282,1.0,0.6873478834849284,0.5701048553096552,1.0,3
S741U,1.0,1.0,0.35370645686989877,0.0,1.0,0.4499361157901794,0.0,0
S742U,1.0,1.0,0.2467548074151965,0.0,1.0,0.40805819107524177,0.0,0
S743U,1.0,1.0,0.6655089547112703,0.0,1.0,0.5570785949296919,0.0,0
S744U,1.0,1.0,0.7868667724715467,0.0,1.0,0.6071577473543608,0.0,0
S745U,1.0,1.0,0.16921127336290986,0.0,1.0,0.3704214653295817,0.0,0
S746U,1.0,1.0,0.3070055427330204,0.0,1.0,0.43256701309666074,0.0,0
S747U,1.0,1.0,0.5001714145111251,0.0,1.0,0.5000571381723649,0.0,0
S748U,1.0,1.0,0.313125077813729,0.0,1.0,0.43490903337804465,0.0,0
S749U,1.0,1.0,0.8269594861896381,0.0,1.0,0.6274774087326397,0.0,0
S750U,1.0,1.0,0.2740882575338064,0.0,1.0,0.41954063160635685,0.0,0
S751U,1.0,1.0,0.3425180362994018,0.0,1.0,0.445871864938022,0.0,0
S752U,1.0,1.0,0.4085631113268343,0.0,1.0,0.4692132806072208,0.0,0
S753U,1.0,1.0,0.2229770834843774,0.0,1.0,0.39744231151782394,0.0,0
S754U,1.0,1.0,0.467160732181664,0.0,1.0,0.4890395528766927,0.0,0
S755U,1.0,1.0,0.24119216733429572,0.0,1.0,0.40563219004028517,0.0,0
S756U,1.0,1.0,0.3258100855344048,0.0,1.0,0.4396952241286612,0.0,0
S757U,1.0,1.0,0.19578113617424842,0.0,1.0,0.3843895175964173,0.0,0
S758U,1.0,1.0,0.2276995064129379,0.0,1.0,0.39960393866063404,0.0,0
S759U,1.0,1.0,0.6568035918570996,0.0,1.0,0.5538801546077736,0.0,0
S760U,1.0,1.0,1.0,0.0,1.0,1.0,0.0,0
S761U,1.0,1.0,0.31400738747667667,0.0,1.0,0.43524486951207164,0.0,0
S762U,1.0,1.0,0.3912956356676778,0.0,1.0,0.46324398145560736,0.0,0
S763U,0.029049405545331197,0.5145247027726656,1.0,0.4126334492781645,0.5048427787198609,1.0,0.47060980224043164,2
S764U,1.0,1.0,0.41309112276165605,0.0,1.0,0.47076659796783177,0.0,0
S765U,1.0,1.0,0.9580866908981605,0.0,1.0,0.7394499482051688,0.0,0
S766U,1.0,1.0,0.28652059638410554,0.0,1.0,0.4245519976463791,0.0,0
S767U,1.0,1.0,0.5932399972676794,0.0,1.0,0.5314065718794457,0.0,0
S768U,1.0,1.0,0.5003271061208727,0.0,1.0,0.5001090353874513,0.0,0
S769U,1.0,1.0,0.471844876296316,0.0,1.0,0.49060612586599206,0.0,0
S770U,1.0,1.0,0.6546352235768073,0.0,1.0,0.5530888855339748,0.0,0
S771U,1.0,1.0,0.43556875813003526,0.0,1.0,0.47841626281381233,0.0,0
S772U,1.0,1.0,0.2594778086244549,0.0,1.0,0.4134887668318074,0.0,0
S773U,0.4368971762486088,0.7184485881243043,0.41083913044411735,0.8218887460288663,0.5774367307726828,0.46999463553073895,0.6247436987281101,3
S774U,1.0,1.0,0.6631941568607458,0.0,1.0,0.5562246320287766,0.0,0
S775U,1.0,1.0,0.3469776441645238,0.0,1.0,0.4474983248904411,0.0,0
S776U,1.0,1.0,0.6674142817206314,0.0,1.0,0.5577834506364956,0.0,0
S777U,1.0,1.0,0.5390453274337871,0.0,1.0,0.5130387056160495,0.0,0
S778U,1.0,1.0,0.30892415932536754,0.0,1.0,0.4333037191441317,0.0,0
S779U,1.0,1.0,0.6810619895784572,0.0,1.0,0.5628865986389702,0.0,0
S780U,1.0,1.0,0.6443550222545634,0.0,1.0,0.5493650636673487,0.0,0
S781U,1.0,1.0,0.3784629268517762,0.0,1.0,0.4587541548731305,0.0,0
S782U,1.0,1.0,0.3691026790112122,0.0,1.0,0.4554461323027535,0.0,0
S783U,1.0,1.0,0.41596185418226717,0.0,1.0,0.4717490594493559,0.0,0
S784U,0.7681869499754098,0.884093474987705,0.19835108518523714,1.0,0.663126790654202,0.3856714494218941,1.0,3
S785U,1.0,1.0,0.4464346788492315,0.0,1.0,0.4820837849763153,0.0,0
S786U,1.0,1.0,0.4226530456697274,0.0,1.0,0.4740324038752231,0.0,0
S787U,1.0,1.0,0.2737588162960747,0.0,1.0,0.41940617826927784,0.0,0
S788U,1.0,1.0,0.28956146911620173,0.0,1.0,0.4257600028553728,0.0,0
S789U,0.8967249154283645,0.9483624577141823,0.5934862344015012,1.0,0.7251519060280548,0.53149127969025,1.0,3
S790U,1.0,1.0,0.5434269613527892,0.0,1.0,0.514508145214721,0.0,0
S791U,1.0,1.0,0.8043237532297054,0.0,1.0,0.6156630380874318,0.0,0
S792U,0.48921217704598674,0.7446060885229934,0.39140631455111974,0.7077147467613711,0.5882371835790392,0.4632824937458408,0.5731635775665509,3
S793U,1.0,1.0,0.46772896015639465,0.0,1.0,0.4892296787867526,0.0,0
S794U,1.0,1.0,0.28716151837916604,0.0,1.0,0.424807166445219,0.0,0
S795U,1.0,1.0,1.0,0.0,1.0,1.0,0.0,0
S796U,1.0,1.0,0.42440494072960255,0.0,1.0,0.47462878034924694,0.0,0
S797U,1.0,1.0,0.13831904764102887,0.0,1.0,0.3521107440884683,0.0,0
S798U,1.0,1.0,0.37837407759602637,0.0,1.0,0.45872289160105634,0.0,0
S799U,1.0,1.0,0.6274712751659799,0.0,1.0,0.5433396124645004,0.0,0
S800U,1.0,1.0,1.0,0.0,1.0,1.0,0.0,0
S801U,1.0,1.0,0.5567078026685164,0.0,1.0,0.5189751634998434,0.0,0
S802U,1.0,1.0,0.5448936070452952,0.0,1.0,0.5150004419110871,0.0,0
S803U,1.0,1.0,0.5875396846679606,0.0,1.0,0.5294495241982068,0.0,0
S804U,0.9269338806861545,0.9634669403430772,0.39101020960950483,1.0,0.7485273537686666,0.46314464746107353,1.0,3
S805U,0.8725814882076413,0.9362907441038206,0.4458931580296739,1.0,0.71009910026184,0.4819013976797368,1.0,3
S806U,1.0,1.0,0.5354615499852331,0.0,1.0,0.5118381833099461,0.0,0
S807U,1.0,1.0,0.1957451672291176,0.0,1.0,0.3843714971622625,0.0,0
S808U,1.0,1.0,0.831339119035517,0.0,1.0,0.6298832309305448,0.0,0
S809U,1.0,1.0,0.4240867843040671,0.0,1.0,0.4745205172803284,0.0,0
S810U,1.0,1.0,0.5404377034292853,0.0,1.0,0.5135054529045819,0.0,0
S811U,1.0,1.0,0.3608614726851461,0.0,1.0,0.4525080128399547,0.0,0
S812U,1.0,1.0,0.5795354612093049,0.0,1.0,0.5267134315821501,0.0,0
S813U,1.0,1.0,0.49081389277650744,0.0,1.0,0.496937657963107,0.0,0
S814U,1.0,1.0,0.6414002495769761,0.0,1.0,0.5483027897149187,0.0,0
S815U,1.0,1.0,0.4685299825951076,0.0,1.0,0.4894976542537695,0.0,0
S816U,1.0,1.0,0.9713969589476324,0.0,1.0,0.7640609495856474,0.0,0
S817U,1.0,1.0,0.7095549260534337,0.0,1.0,0.5738902274441448,0.0,0
S818U,1.0,1.0,0.35758857817588996,0.0,1.0,0.45133407156105126,0.0,0
S819U,1.0,1.0,0.4218243716290968,0.0,1.0,0.4737501042455596,0.0,0
S820U,1.0,1.0,0.7295297520117643,0.0,1.0,0.5819408829442118,0.0,0
S821U,1.0,1.0,0.715475596664995,0.0,1.0,0.5762446815212798,0.0,0
S822U,1.0,1.0,0.7435427393722922,0.0,1.0,0.587786267368895,0.0,0
S823U,1.0,1.0,0.5031298435977398,0.0,1.0,0.5010432933119846,0.0,0
S824U,1.0,1.0,0.38935482040727076,0.0,1.0,0.4625680824108989,0.0,0
S825U,1.0,1.0,0.3575301674882603,0.0,1.0,0.4513130824415207,0.0,0
S826U,1.0,1.0,0.49112386644645756,0.0,1.0,0.49704101249537824,0.0,0
S827U,1.0,1.0,0.25327134366817905,0.0,1.0,0.4108594764895717,0.0,0
S828U,1.0,1.0,0.5144662729185657,0.0,1.0,0.5048232875396813,0.0,0
S829U,1.0,1.0,1.0,0.0,1.0,1.0,0.0,0
S830U,1.0,1.0,0.3202263835446064,0.0,1.0,0.43759939594457453,0.0,0
S831U,1.0,1.0,0.41925298849574133,0.0,1.0,0.4728732709790341,0.0,0
S832U,0.791819054442829,0.8959095272214145,0.8757803898212863,1.0,0.6720620650988909,0.6572406044617187,1.0,3
S833U,1.0,1.0,0.44558824041440637,0.0,1.0,0.4817986828001529,0.0,0
S834U,1.0,1.0,0.45001868880163,0.0,1.0,0.4832899598770111,0.0,0
S835U,1.0,1.0,0.5795204986630692,0.0,1.0,0.5267083292168192,0.0,0
S836U,1.0,1.0,0.8018164741525717,0.0,1.0,0.6144117973576744,0.0,0
S837U,1.0,1.0,0.7903210183645729,0.0,1.0,0.6088038826679866,0.0,0
S838U,1.0,1.0,0.4310970882006917,0.0,1.0,0.47690174730935764,0.0,0
S839U,1.0,1.0,0.35227189722498564,0.0,1.0,0.44941798049673226,0.0,0
S840U,1.0,1.0,0.5320736325537287,0.0,1.0,0.5107042756837136,0.0,0
S841U,1.0,1.0,0.3739910025442166,0.0,1.0,0.4571774154575206,0.0,0
S842U,1.0,1.0,0.16416300525469196,0.0,1.0,0.36760049605509343,0.0,0
S843U,1.0,1.0,0.26751203494148923,0.0,1.0,0.4168395991777331,0.0,0
S844U,1.0,1.0,0.7137067289193162,0.0,1.0,0.575538579203993,0.0,0
S845U,1.0,1.0,0.3466123075655603,0.0,1.0,0.4473654134427313,0.0,0
S846U,1.0,1.0,0.27692009110656524,0.0,1.0,0.4206927461242859,0.0,0
S847U,1.0,1.0,0.5300244231687838,0.0,1.0,0.5100188552680395,0.0,0
S848U,1.0,1.0,0.9168568916127294,0.0,1.0,0.6900021516686538,0.0,0
S849U,1.0,1.0,0.5598789897198453,0.0,1.0,0.5200451637173803,0.0,0
S850U,1.0,1.0,0.7507415615654345,0.0,1.0,0.5908604901262782,0.0,0
S851U,1.0,1.0,0.3622382124751429,0.0,1.0,0.45300059733323705,0.0,0
S852U,1.0,1.0,1.0,0.0,1.0,1.0,0.0,0
S853U,1.0,1.0,0.7940839126855828,0.0,1.0,0.610617074306478,0.0,0
S854U,1.0,1.0,0.2007675720485247,0.0,1.0,0.3868669066431117,0.0,0
S855U,1.0,1.0,0.6136167573513072,0.0,1.0,0.5384688935545825,0.0,0
S856U,0.9085983798526073,0.9542991899263036,0.3190940093407395,1.0,0.7335978025730449,0.43717229556098103,1.0,3
S857U,1.0,1.0,0.22927241404517773,0.0,1.0,0.40031773932214165,0.0,0
S858U,1.0,1.0,0.24739099589718405,0.0,1.0,0.40833357163573225,0.0,0
S859U,1.0,1.0,0.4291091964811361,0.0,1.0,0.4762273931773904,0.0,0
S860U,1.0,1.0,0.7378855250997489,0.0,1.0,0.5854051647374097,0.0,0
S861U,1.0,1.0,0.3156761909093775,0.0,1.0,0.43587883787655657,0.0,0
S862U,1.0,1.0,0.5378317349071724,0.0,1.0,0.5126320377315655,0.0,0
S863U,1.0,1.0,0.399225936907035,0.0,1.0,0.4659949567768445,0.0,0
S864U,1.0,1.0,0.8503428823754163,0.0,1.0,0.6408597426099527,0.0,0
S865U,1.0,1.0,0.41781320249033516,0.0,1.0,0.4723817312106075,0.0,0
S866U,1.0,1.0,0.5658158328930022,0.0,1.0,0.5220523385036384,0.0,0
S867U,1.0,1.0,0.879038364602966,0.0,1.0,0.6595115699926686,0.0,0
S868U,1.0,1.0,0.3552152719835915,0.0,1.0,0.45048016226319276,0.0,0
S869U,1.0,1.0,0.6820987214063738,0.0,1.0,0.5632783405162035,0.0,0
S870U,1.0,1.0,0.22165009216865705,0.0,1.0,0.39682976949277987,0.0,0
S871U,1.0,1.0,0.30907436940886746,0.0,1.0,0.43336130176842547,0.0,0
S872U,1.0,1.0,0.3586886717045351,0.0,1.0,0.45172912508912194,0.0,0
S873U,1.0,1.0,0.36191888471583034,0.0,1.0,0.45288640902182453,0.0,0
S874U,1.0,1.0,0.5451563843025655,0.0,1.0,0.5150886704753501,0.0,0
S875U,1.0,1.0,0.9264958100605291,0.0,1.0,0.6994518615271275,0.0,0
S876U,1.0,1.0,0.370531350351173,0.0,1.0,0.45595297731904905,0.0,0
S877U,1.0,1.0,0.6317051817218787,0.0,1.0,0.5448407888016107,0.0,0
S878U,1.0,1.0,0.3657858644108931,0.0,1.0,0.4542666351040646,0.0,0
S879U,1.0,1.0,0.42151335669827017,0.0,1.0,0.47364411827534597,0.0,0
S880U,1.0,1.0,0.46508151673417353,0.0,1.0,0.48834363965559185,0.0,0
S881U,1.0,1.0,0.40428915391253095,0.0,1.0,0.4677427779733922,0.0,0
S882U,1.0,1.0,0.3146149294224221,0.0,1.0,0.43547585700932206,0.0,0
S883U,1.0,1.0,0.5515489435468393,0.0,1.0,0.5172374188721915,0.0,0
S884U,1.0,1.0,1.0,0.0,1.0,1.0,0.0,0
S885U,0.9020594172818259,0.951029708640913,0.42232489237430804,1.0,0.7288463212956783,0.47392062960823894,1.0,3
S886U,1.0,1.0,0.47253391258876554,0.0,1.0,0.49083643808788935,0.0,0
S887U,1.0,1.0,0.7416467882125422,0.0,1.0,0.5869849478613393,0.0,0
S888U,0.6466406649785787,0.8233203324892894,0.7788844609340118,1.0,0.6255100308817237,0.6034176304911572,1.0,3
S889U,1.0,1.0,0.8946363127288723,0.0,1.0,0.6710636541076157,0.0,0
S890U,0.9049827543289236,0.9524913771644619,0.7343875070302773,1.0,0.730938617052354,0.5839474589281249,1.0,3
S891U,1.0,1.0,0.919695736878353,0.0,1.0,0.6926930872810055,0.0,0
S892U,1.0,1.0,1.0,0.0,1.0,1.0,0.0,0
S893U,1.0,1.0,0.3392386689740088,0.0,1.0,0.44467012253811156,0.0,0
S894U,0.5310044064107189,0.7655022032053594,0.7030559661273192,1.0,0.597332311544563,0.5713344136441911,1.0,3
S895U,1.0,1.0,0.3835141655473431,0.0,1.0,0.4605274112805996,0.0,0
S896U,1.0,1.0,0.283103304136634,0.0,1.0,0.4231863488853203,0.0,0
S897U,1.0,1.0,0.5033079104143966,0.0,1.0,0.5011026511048219,0.0,0
S898U,1.0,1.0,0.46881885133043666,0.0,1.0,0.4895942810182686,0.0,0
S899U,1.0,1.0,0.5787632046216518,0.0,1.0,0.5264501426095258,0.0,0
S900U,1.0,1.0,0.8416281811400195,0.0,1.0,0.6357112414354835,0.0,0
S901U,1.0,1.0,0.604673703539665,0.0,1.0,0.5353556860028132,0.0,0
S902U,0.8435089370942985,0.9217544685471493,0.4277773640610969,1.0,0.6946909202249458,0.47577521014746527,1.0,3
S903U,0.7286104124918888,0.8643052062459444,0.7269098005142641,1.0,0.6495752242989296,0.5808669747100688,1.0,3
S904U,1.0,1.0,0.7474346110444193,0.0,1.0,0.5894419429903274,0.0,0
S905U,0.6817847023167669,0.8408923511583835,0.5214182805305226,1.0,0.6352857854244796,0.5071433124768883,1.0,3
S906U,0.8907142853236147,0.9453571426618074,0.46838960053544376,1.0,0.7211650686616634,0.4894506941104664,1.0,3
S907U,1.0,1.0,0.3113373243877833,0.0,1.0,0.4342271555608748,0.0,0
S908U,1.0,1.0,0.3539047890789119,0.0,1.0,0.4500076830464552,0.0,0
S909U,1.0,1.0,0.6037846743561287,0.0,1.0,0.5350474158615726,0.0,0
S910U,1.0,1.0,0.8634177723818766,0.0,1.0,0.6490024567314376,0.0,0
S911U,1.0,1.0,0.46739637931678824,0.0,1.0,0.4891184021426769,0.0,0
S912U,1.0,1.0,1.0,0.0,1.0,1.0,0.0,0
S913U,1.0,1.0,0.4718794460618535,0.0,1.0,0.49061768165533365,0.0,0
S914U,1.0,1.0,0.7061885084933757,0.0,1.0,0.5725626935001911,0.0,0
S915U,1.0,1.0,0.5884030071335883,0.0,1.0,0.5297454507050829,0.0,0
S916U,1.0,1.0,0.6444757069650764,0.0,1.0,0.5494085251220439,0.0,0
S917U,1.0,1.0,0.7498215001915173,0.0,1.0,0.5904647210317748,0.0,0
S918U,1.0,1.0,0.6001559569124753,0.0,1.0,0.5337913264512965,0.0,0
S919U,1.0,1.0,0.6305150098979291,0.0,1.0,0.5444181660936764,0.0,0
S920U,1.0,1.0,0.47958904001789493,0.0,1.0,0.4931929842090743,0.0,0
S921U,1.0,1.0,0.6261369913101154,0.0,1.0,0.5428678112892407,0.0,0
S922U,1.0,1.0,0.39984620163751294,0.0,1.0,0.4662094197184198,0.0,0
S923U,1.0,1.0,0.4773231415310717,0.0,1.0,0.4924364349537235,0.0,0
S924U,1.0,1.0,0.4880257313546976,0.0,1.0,0.4960078986174357,0.0,0
S925U,1.0,1.0,0.43299134860536614,0.0,1.0,0.4775437162698711,0.0,0
S926U,1.0,1.0,0.704387603772976,0.0,1.0,0.5718557374254986,0.0,0
S927U,1.0,1.0,0.5902591082901545,0.0,1.0,0.5303822414796122,0.0,0
S928U,1.0,1.0,0.3044021358219945,0.0,1.0,0.4315637270551295,0.0,0
S929U,1.0,1.0,0.5784765115101038,0.0,1.0,0.5263524287714794,0.0,0
S930U,1.0,1.0,0.44127631700875525,0.0,1.0,0.480344817429315,0.0,0
S931U,1.0,1.0,0.7893263129435772,0.0,1.0,0.6083280808209947,0.0,0
S932U,1.0,1.0,0.4573286960766155,0.0,1.0,0.48574541185157777,0.0,0
S933U,1.0,1.0,0.24407934263200848,0.0,1.0,0.40689546445264396,0.0,0
S934U,1.0,1.0,0.344212419257116,0.0,1.0,0.44649086362161666,0.0,0
S935U,1.0,1.0,0.2782891471742517,0.0,1.0,0.42124743721621105,0.0,0
S936U,1.0,1.0,0.5920324608760859,0.0,1.0,0.5309913747147854,0.0,0
S937U,1.0,1.0,0.3969649944694261,0.0,1.0,0.4652123671611739,0.0,0
S938U,1.0,1.0,0.21853214816686906,0.0,1.0,0.39538140433888286,0.0,0
S939U,1.0,1.0,0.46110146235675964,0.0,1.0,0.4870104900417211,0.0,0
S940U,1.0,1.0,0.1931563053286034,0.0,1.0,0.38306868020888946,0.0,0
S941U,1.0,1.0,0.537059444904624,0.0,1.0,0.5123733175656657,0.0,0
S942U,1.0,1.0,0.4895327060467408,0.0,1.0,0.49651044883219414,0.0,0
S943U,1.0,1.0,0.37924690681860496,0.0,1.0,0.4590299028171316,0.0,0
S944U,1.0,1.0,0.6488958049285481,0.0,1.0,0.5510044004826924,0.0,0
S945U,1.0,1.0,0.301918162513249,0.0,1.0,0.4306024864715391,0.0,0
S946U,0.7501177071668146,0.8750588535834073,0.5363334453967316,0.6989700043360187,0.6567436275189535,0.5121301531834763,0.569742173380174,3
S947U,1.0,1.0,0.708420011534264,0.0,1.0,0.5734417907833903,0.0,0
S948U,1.0,1.0,0.28263470328989215,0.0,1.0,0.4229984001072655,0.0,0
S949U,1.0,1.0,0.4385336882428337,0.0,1.0,0.47941870748087206,0.0,0
S950U,1.0,1.0,0.37049265779263274,0.0,1.0,0.4559392599161681,0.0,0
S951U,1.0,1.0,0.6020922852735615,0.0,1.0,0.5344611626011144,0.0,0
S952U,1.0,1.0,0.7338004997616905,0.0,1.0,0.5837039017047272,0.0,0
S953U,0.1521382548339475,0.5760691274169738,0.49465237176269117,0.7151133591837933,0.5255325436904213,0.49821739683486166,0.5760998933359868,3
S954U,1.0,1.0,0.5379248790094728,0.0,1.0,0.5126632450001509,0.0,0
S955U,1.0,1.0,0.5943380494201734,0.0,1.0,0.5317844227561895,0.0,0
S956U,0.2911643266678039,0.645582163333902,0.9270627833711041,0.5607527088641813,0.5498072605827595,0.7000370066225368,0.5203402221900667,3
S957U,1.0,1.0,0.48190542551160787,0.0,1.0,0.49396613295836067,0.0,0
S958U,0.889419155230113,0.9447095776150565,0.3824201639137834,1.0,0.7203286935129962,0.46014403481093574,1.0,3
S959U,1.0,1.0,0.5467354498177825,0.0,1.0,0.5156190079482129,0.0,0
S960U,1.0,1.0,0.29633859704769183,0.0,1.0,0.42842871191358706,0.0,0
S961U,1.0,1.0,1.0,0.0,1.0,1.0,0.0,0
S962U,1.0,1.0,0.37458373682229973,0.0,1.0,0.45738678673597455,0.0,0
S963U,0.8777084029306252,0.9388542014653126,0.5671269707594042,1.0,0.7130955825591032,0.5224963649774189,1.0,3
S964U,1.0,1.0,0.3901662344888305,0.0,1.0,0.46285079217864683,0.0,0
S965U,1.0,1.0,0.26410504166268756,0.0,1.0,0.41542568846192884,0.0,0
S966U,1.0,1.0,0.39850312276077304,0.0,1.0,0.4657449110664717,0.0,0
S967U,1.0,1.0,0.2839586650790782,0.0,1.0,0.4235289938904532,0.0,0
S968U,1.0,1.0,0.3177485217178716,0.0,1.0,0.43666388752883767,0.0,0
S969U,1.0,1.0,0.5186240761855592,0.0,1.0,0.506210579414122,0.0,0
S970U,1.0,1.0,0.40273495842458873,0.0,1.0,0.467206950525535,0.0,0
S971U,1.0,1.0,0.303182217048544,0.0,1.0,0.43109213762719417,0.0,0
S972U,1.0,1.0,0.49719441917573715,0.0,1.0,0.49906479766740514,0.0,0
S973U,1.0,1.0,0.9068181428650637,0.0,1.0,0.68101993345456,0.0,0
S974U,1.0,1.0,0.22297593447622854,0.0,1.0,0.39744178212112663,0.0,0
S975U,1.0,1.0,0.34488991330035323,0.0,1.0,0.44673800893830534,0.0,0
S976U,1.0,1.0,0.220330193873305,0.0,1.0,0.39621821691882847,0.0,0
S977U,1.0,1.0,0.3539034231459247,0.0,1.0,0.45000719021086355,0.0,0
S978U,1.0,1.0,0.3985180440861601,0.0,1.0,0.46575007422418524,0.0,0
S979U,0.5387839594860905,0.7693919797430453,0.287918724278704,0.5484550065040281,0.5990785158383944,0.4251082448059064,0.5161968497839262,3
S980U,1.0,1.0,0.3813145714090883,0.0,1.0,0.4597562199626827,0.0,0
S981U,0.8725814882076413,0.9362907441038206,0.33489949457930257,0.6989700043360187,0.71009910026184,0.4430722758135442,0.569742173380174,3
S982U,1.0,1.0,0.2932072996984493,0.0,1.0,0.42719962787450116,0.0,0
S983U,1.0,1.0,0.4761944855994834,0.0,1.0,0.492059492173576,0.0,0
S984U,1.0,1.0,0.5490980890442027,0.0,1.0,0.5164130401040613,0.0,0
S985U,1.0,1.0,1.0,0.0,1.0,1.0,0.0,0
S986U,1.0,1.0,0.6464658188810964,0.0,1.0,0.5501260621767287,0.0,0
S987U,1.0,1.0,0.270817039924077,0.0,1.0,0.41820159497773035,0.0,0
S988U,1.0,1.0,0.1856313136222807,0.0,1.0,0.37921451078211016,0.0,0
S989U,1.0,1.0,0.47488628009644784,0.0,1.0,0.4916224937868144,0.0,0
S990U,1.0,1.0,0.29330637006936244,0.0,1.0,0.42723861776102856,0.0,0
S991U,1.0,1.0,0.6060489432750731,0.0,1.0,0.5358329697342644,0.0,0
S992U,1.0,1.0,0.5255831328289704,0.0,1.0,0.5085343355244822,0.0,0
S993U,1.0,1.0,0.9163437047137728,0.0,1.0,0.6895232959201881,0.0,0
S994U,1.0,1.0,0.2520030107057729,0.0,1.0,0.41031758874459606,0.0,0
S995U,1.0,1.0,0.4934195252785778,0.0,1.0,0.49780639584173775,0.0,0
S996U,1.0,1.0,0.25100423568105157,0.0,1.0,0.4098897479101002,0.0,0
S997U,1.0,1.0,0.6492314025785357,0.0,1.0,0.5511258982443678,0.0,0
S998U,1.0,1.0,0.5870217551501384,0.0,1.0,0.5292720689600461,0.0,0
S999U,1.0,1.0,0.7518717833823501,0.0,1.0,0.5913478371304922,0.0,0
