,x_term,x_term_trans,y_term_provax,y_term_antivax,grail,x_final,y_pro_final,y_anti_final,cluster
S0V,0.9637247750293422,0.981862387514671,0.18096006210440396,1.0,0.7664572034504635,0.8803482019908437,0.3197484103402033,1.0,3
S1V,0.6570571358878067,0.8285285679439034,0.8134572381881975,1.0,0.683578481208923,0.6873194943724293,0.6761898364576573,1.0,3
S2V,1.0,1.0,0.41399605976771514,0.0,0.7826700655872572,1.0,0.456675163968143,0.0,0
S3V,1.0,1.0,0.21132397918649304,0.0,0.73643231195285,1.0,0.3410807798821249,0.0,0
S4V,1.0,1.0,0.1960946226486976,0.0,0.7322426975167563,1.0,0.33060674379189076,0.0,0
S5V,1.0,1.0,0.3268346089843521,0.0,0.7642610231339335,1.0,0.41065255783483384,0.0,0
S6V,1.0,1.0,0.23636357497406024,0.0,0.7429881621842755,1.0,0.357470405460689,0.0,0
S7V,1.0,1.0,0.20269953471374602,0.0,0.7340804860073662,1.0,0.3352012150184154,0.0,0
S8V,0.8629005211001823,0.9314502605500912,0.24279923402804904,1.0,0.7013078797133101,0.7866067264327062,0.36153759428078325,1.0,3
S9V,1.0,1.0,0.3941021577531567,0.0,0.7785774350314129,1.0,0.44644358757853214,0.0,0
S10V,1.0,1.0,0.3623221992038319,0.0,0.77192172100511,1.0,0.42980430251277507,0.0,0
S11V,0.5173717256514976,0.7586858628257488,0.29843968857504977,0.5607527088641813,0.49026188138036986,0.6393961262909921,0.39475464450218656,0.5304893055957174,3
S12V,1.0,1.0,0.3105775175791119,0.0,0.7606488906578616,1.0,0.40162222664465397,0.0,0
S13V,1.0,1.0,0.21219274077078265,0.0,0.7366663572835386,1.0,0.34166589320884655,0.0,0
S14V,0.9010409046442569,0.9505204523221285,0.22711439730389382,0.6989700043360187,0.6417118527357889,0.8142287301143127,0.35152591606041433,0.6037701143465277,3
S15V,0.9192068641040888,0.9596034320520443,0.29450347364510276,1.0,0.7412956471957137,0.8297543980117664,0.3925024114378913,1.0,3
S16V,1.0,1.0,0.3075608001187893,0.0,0.7599703643557738,1.0,0.39992591088943447,0.0,0
S17V,1.0,1.0,0.263007929839956,0.0,0.7495904571377182,1.0,0.37397614284429553,0.0,0
S18V,1.0,1.0,0.857192678815321,0.0,0.884057574001718,1.0,0.7101439350042952,0.0,0
S19V,1.0,1.0,0.26532990441932913,0.0,0.7501502021997888,1.0,0.37537550549947196,0.0,0
S20V,0.21287341379873104,0.6064367068993655,0.2991155131050759,0.9330855983825186,0.4420565505149671,0.5538353118635224,0.39514006306331173,0.788772362659634,3
S21V,1.0,1.0,0.44975900983895434,0.0,0.7899263098821603,1.0,0.4748157747054007,0.0,0
S22V,1.0,1.0,0.6839044590802288,0.0,0.838116861265052,1.0,0.5952921531626302,0.0,0
S23V,1.0,1.0,0.21718286047124014,0.0,0.738001002446738,1.0,0.345002506116845,0.0,0
S24V,1.0,1.0,0.20466917514919192,0.0,0.734622244858477,1.0,0.33655561214619273,0.0,0
S25V,1.0,1.0,1.0,0.0,1.0,1.0,1.0,0.0,0
S26V,0.2780719051126377,0.6390359525563188,0.32078382708476794,1.0,0.5112357493503583,0.5709164391938609,0.40731264038824394,1.0,3
S27V,1.0,1.0,0.3280914726720735,0.0,0.7645373330737698,1.0,0.4113433326844246,0.0,0
S28V,1.0,1.0,0.8440305551114424,0.0,0.8797450253641224,1.0,0.6993625634103058,0.0,0
S29V,1.0,1.0,0.3741813094320998,0.0,0.7744247768675881,1.0,0.4360619421689705,0.0,0
S30V,1.0,1.0,0.21514473092667052,0.0,0.7374578621979748,1.0,0.34364465549493706,0.0,0
S31V,1.0,1.0,0.42651034844648794,0.0,0.7852218209831885,1.0,0.46305455245797134,0.0,0
S32V,1.0,1.0,0.5005009406766355,0.0,0.8001001881604685,1.0,0.5002504704011712,0.0,0
S33V,1.0,1.0,0.4872267877695007,0.0,0.7974449406152755,1.0,0.4936123515381888,0.0,0
S34V,1.0,1.0,0.2714111229457874,0.0,0.7516054069673146,1.0,0.37901351741828637,0.0,0
S35V,1.0,1.0,0.28890268613394765,0.0,0.7557100997731793,1.0,0.38927524943294817,0.0,0
S36V,1.0,1.0,0.27005882539400394,0.0,0.751283129666865,1.0,0.37820782416716237,0.0,0
S37V,1.0,1.0,0.23638485587833624,0.0,0.7429935781544869,1.0,0.35748394538621725,0.0,0
S38V,1.0,1.0,0.4101102907088412,0.0,0.781874397454482,1.0,0.45468599363620504,0.0,0
S39V,1.0,1.0,1.0,0.0,1.0,1.0,1.0,0.0,0
S40V,1.0,1.0,0.5526515392993478,0.0,0.8105596627985225,1.0,0.5263991569963062,0.0,0
S41V,1.0,1.0,0.2447202001989307,0.0,0.7450964652925038,1.0,0.3627411632312596,0.0,0
S42V,1.0,1.0,1.0,0.0,1.0,1.0,1.0,0.0,0
S43V,1.0,1.0,0.2405994631652184,0.0,0.7440614076663037,1.0,0.36015351916575933,0.0,0
S44V,1.0,1.0,0.4735918606763537,0.0,0.7947146836353104,1.0,0.486786709088276,0.0,0
S45V,1.0,1.0,0.17242355860530156,0.0,0.7253598116159407,1.0,0.31339952903985163,0.0,0
S46V,1.0,1.0,0.6663953464760735,0.0,0.8342553340120257,1.0,0.5856383350300641,0.0,0
S47V,1.0,1.0,0.21981698106441128,0.0,0.7386990239266997,1.0,0.3467475598167492,0.0,0
S48V,1.0,1.0,0.2911844594312032,0.0,0.7562373016600996,1.0,0.3905932541502492,0.0,0
S49V,1.0,1.0,0.8100749197321575,0.0,0.8695046920273464,1.0,0.673761730068366,0.0,0
S50V,1.0,1.0,0.22669386065349206,0.0,0.7405010889045243,1.0,0.35125272226131066,0.0,0
S51V,1.0,1.0,0.282254566375859,0.0,0.7541635156825951,1.0,0.3854087892064878,0.0,0
S52V,1.0,1.0,0.14155282775163303,0.0,0.7155194412977868,1.0,0.288798603244467,0.0,0
S53V,1.0,1.0,0.2166221994784694,0.0,0.7378518601592705,1.0,0.34462965039817633,0.0,0
S54V,1.0,1.0,0.27489904170392054,0.0,0.752433245557296,1.0,0.38108311389323984,0.0,0
S55V,1.0,1.0,0.4659195055594715,0.0,0.793175965904767,1.0,0.48293991476191755,0.0,0
S56V,0.8562738300606182,0.9281369150303092,0.7087146667896921,1.0,0.7474934350594686,0.7823149770567709,0.6093485829347562,1.0,3
S57V,1.0,1.0,0.8033734794627355,0.0,0.8676080711929764,1.0,0.6690201779824412,0.0,0
S58V,1.0,1.0,0.534432428582008,0.0,0.8068946696969829,1.0,0.5172366742424571,0.0,0
S59V,1.0,1.0,0.20363480834281023,0.0,0.7343380889637765,1.0,0.3358452224094414,0.0,0
S60V,0.6725550808455236,0.8362775404227618,0.9552821475398656,1.0,0.7178322959669758,0.6932577265053596,0.8221258147561707,1.0,3
S61V,1.0,1.0,0.8514058181934057,0.0,0.8821341001816816,1.0,0.705335250454204,0.0,0
S62V,0.00944229959247378,0.504721149796237,0.7595082947879787,0.8157487860877317,0.31692211382285457,0.5023606275159209,0.6399144427756345,0.6778487804114858,3
S63V,1.0,1.0,0.23040247870318387,0.0,0.7414612282605485,1.0,0.35365307065137136,0.0,0
S64V,1.0,1.0,0.3731433418525135,0.0,0.7742066827317772,1.0,0.4355167068294429,0.0,0
S65V,1.0,1.0,0.1455370330981437,0.0,0.716855330142542,1.0,0.292138325356355,0.0,0
S66V,0.8777084029306252,0.9388542014653126,0.34944512708009134,1.0,0.7215001738026088,0.7966844580868185,0.4229342328736722,1.0,3
S67V,1.0,1.0,0.3003765889017862,0.0,0.7583433049764741,1.0,0.3958582624411852,0.0,0
S68V,1.0,1.0,0.397362217721141,0.0,0.7792515159276121,1.0,0.4481287898190304,0.0,0
S69V,1.0,1.0,0.2720151148666412,0.0,0.7517491097323437,1.0,0.3793727743308591,0.0,0
S70V,1.0,1.0,0.3953664279363768,0.0,0.7788390177313687,1.0,0.4470975443284215,0.0,0
S71V,1.0,1.0,0.13959773966401134,0.0,0.7148558062076218,1.0,0.2871395155190546,0.0,0
S72V,1.0,1.0,0.21320230007665097,0.0,0.7369376970355472,1.0,0.34234424258886814,0.0,0
S73V,1.0,1.0,0.20858978306674003,0.0,0.7356923622529381,1.0,0.33923090563234515,0.0,0
S74V,1.0,1.0,0.3881365986986923,0.0,0.7773401273318628,1.0,0.4433503183296568,0.0,0
S75V,1.0,1.0,0.25519933557739716,0.0,0.7476906682052964,1.0,0.36922667051324115,0.0,0
S76V,1.0,1.0,0.28647072462205136,0.0,0.7551461848288611,1.0,0.3878654620721527,0.0,0
S77V,1.0,1.0,0.509412096123569,0.0,0.8018825860131795,1.0,0.5047064650329488,0.0,0
S78V,1.0,1.0,0.1645222262211501,0.0,0.7229449920198461,1.0,0.3073624800496153,0.0,0
S79V,1.0,1.0,0.3768227288078684,0.0,0.7749789688776205,1.0,0.4374474221940513,0.0,0
S80V,1.0,1.0,0.2764221988580088,0.0,0.7527932495073125,1.0,0.3819831237682813,0.0,0
S81V,1.0,1.0,0.45580736386133247,0.0,0.7911441434707993,1.0,0.47786035867699816,0.0,0
S82V,1.0,1.0,0.44332406865771024,0.0,0.7886281674781792,1.0,0.4715704186954481,0.0,0
S83V,0.8376738198246071,0.9188369099123035,0.5988256639666236,1.0,0.7265878350605715,0.7708865687855051,0.5499050860978361,1.0,3
S84V,1.0,1.0,0.3830491542236639,0.0,0.7762808492185309,1.0,0.44070212304632717,0.0,0
S85V,1.0,1.0,0.46587183672036503,0.0,0.7931663987411126,1.0,0.4829159968527817,0.0,0
S86V,1.0,1.0,0.4345565508365219,0.0,0.7868547679679188,1.0,0.4671369199197968,0.0,0
S87V,1.0,1.0,0.27916158353157694,0.0,0.7534384529336988,1.0,0.38359613233424716,0.0,0
S88V,1.0,1.0,0.34992043912000514,0.0,0.7692757265709053,1.0,0.4231893164272631,0.0,0
S89V,1.0,1.0,0.2339049309478698,0.0,0.7423607740733318,1.0,0.35590193518332947,0.0,0
S90V,1.0,1.0,0.4493327633332578,0.0,0.7898404039666197,1.0,0.4746010099165493,0.0,0
S91V,1.0,1.0,0.18844442175793663,0.0,0.7300713185445469,1.0,0.32517829636136714,0.0,0
S92V,1.0,1.0,0.2208117659457396,0.0,0.7389614967330251,1.0,0.34740374183256273,0.0,0
S93V,0.8345729660037332,0.9172864830018665,0.3212651503469157,1.0,0.6966786020203757,0.7690613049839967,0.40757921120274965,1.0,3
S94V,1.0,1.0,0.48943342065182893,0.0,0.797886448120451,1.0,0.4947161203011275,0.0,0
S95V,1.0,1.0,0.4562858780343847,0.0,0.7912404045720633,1.0,0.4781010114301583,0.0,0
S96V,1.0,1.0,0.5668858411974882,0.0,0.813437555417449,1.0,0.5335938885436224,0.0,0
S97V,1.0,1.0,0.5851287654921726,0.0,0.8171509585194525,1.0,0.5428773962986312,0.0,0
S98V,1.0,1.0,0.43246716352313475,0.0,0.7864312651611853,1.0,0.46607816290296333,0.0,0
S99V,1.0,1.0,0.21664839954625426,0.0,0.7378588341895147,1.0,0.3446470854737867,0.0,0
S100V,1.0,1.0,0.29560164944364464,0.0,0.7572528227287644,1.0,0.39313205682191105,0.0,0
S101V,1.0,1.0,0.8735595745330755,0.0,0.8897607468009443,1.0,0.7244018670023606,0.0,0
S102V,1.0,1.0,0.27600041541060405,0.0,0.7526936501006419,1.0,0.38173412525160494,0.0,0
S103V,1.0,1.0,0.5046817083095504,0.0,0.800936362185914,1.0,0.5023409054647852,0.0,0
S104V,1.0,1.0,0.7630879917595752,0.0,0.8568723403556637,1.0,0.6421808508891593,0.0,0
S105V,0.8435089370942985,0.9217544685471493,0.487694328781467,1.0,0.7181370941911285,0.7743805312424807,0.49384623238735487,1.0,3
S106V,1.0,1.0,0.1634177986210975,0.0,0.7226022228596991,1.0,0.3065055571492478,0.0,0
S107V,1.0,1.0,0.273041589473768,0.0,0.7519929936811511,1.0,0.3799824842028779,0.0,0
S108V,1.0,1.0,1.0,0.0,1.0,1.0,1.0,0.0,0
S109V,1.0,1.0,0.6096783815012596,0.0,0.8222060941728965,1.0,0.5555152354322411,0.0,0
S110V,1.0,1.0,0.31210743681427167,0.0,0.7609919764055958,1.0,0.4024799410139896,0.0,0
S111V,1.0,1.0,0.3935023567497826,0.0,0.7784532572399039,1.0,0.4461331430997598,0.0,0
S112V,1.0,1.0,0.3743570428992148,0.0,0.7744616833684485,1.0,0.43615420842112124,0.0,0
S113V,1.0,1.0,0.8363707980205312,0.0,0.8773320636901337,1.0,0.6933301592253344,0.0,0
S114V,1.0,1.0,0.8391032267285908,0.0,0.8781852124553728,1.0,0.6954630311384323,0.0,0
S115V,1.0,1.0,0.4239574604054903,0.0,0.7847025173766605,1.0,0.46175629344165126,0.0,0
S116V,1.0,1.0,0.5851835547966748,0.0,0.8171621606778949,1.0,0.5429054016947372,0.0,0
S117V,1.0,1.0,0.40267646602485474,0.0,0.7803473484621051,1.0,0.4508683711552627,0.0,0
S118V,1.0,1.0,0.16728907437091545,0.0,0.723797970100549,1.0,0.3094949252513727,0.0,0
S119V,1.0,1.0,0.31932338267971705,0.0,0.7626011372564532,1.0,0.4065028431411329,0.0,0
S120V,1.0,1.0,0.2295792461125722,0.0,0.7412487856231018,1.0,0.3531219640577544,0.0,0
S121V,0.1013466243092519,0.5506733121546259,0.8924031827508333,0.44313402646124944,0.3935856790069159,0.5254020514274654,0.7422629116095327,0.4714744688712924,3
S122V,1.0,1.0,0.21744038927891307,0.0,0.7380694403730159,1.0,0.3451736009325399,0.0,0
S123V,1.0,1.0,0.3372793974305133,0.0,0.7665452801196094,1.0,0.41636320029902363,0.0,0
S124V,1.0,1.0,0.6366736634416272,0.0,0.8278653530859788,1.0,0.569663382714947,0.0,0
S125V,1.0,1.0,0.8061987968335014,0.0,0.8684032971537076,1.0,0.671008242884269,0.0,0
S126V,1.0,1.0,0.5457122831402281,0.0,0.8091616410829993,1.0,0.5229041027074981,0.0,0
S127V,1.0,1.0,0.6315125579145149,0.0,0.8267738792957665,1.0,0.5669346982394162,0.0,0
S128V,1.0,1.0,0.4814976973553666,0.0,0.7962982718050844,1.0,0.49074567951271086,0.0,0
S129V,1.0,1.0,0.32527136479271157,0.0,0.7639167913365383,1.0,0.40979197834134595,0.0,0
S130V,0.8085667451858065,0.9042833725929033,0.23562124636304937,1.0,0.6750115806398841,0.7545216792096053,0.3569977154290916,1.0,3
S131V,1.0,1.0,1.0,0.0,1.0,1.0,1.0,0.0,0
S132V,1.0,1.0,0.7472933153192078,0.0,0.8529216342247227,1.0,0.6323040855618067,0.0,0
S133V,1.0,1.0,0.4587282365916131,0.0,0.7917315390930895,1.0,0.4793288477327238,0.0,0
S134V,1.0,1.0,0.19292712945738522,0.0,0.731349399671113,1.0,0.3283734991777826,0.0,0
S135V,1.0,1.0,0.20279350579193733,0.0,0.7341063974135381,1.0,0.33526599353384523,0.0,0
S136V,1.0,1.0,0.28768092212070184,0.0,0.7554270633025603,1.0,0.3885676582564007,0.0,0
S137V,1.0,1.0,0.27989665056281376,0.0,0.7536110944996305,1.0,0.38402773624907616,0.0,0
S138V,1.0,1.0,0.550037817570972,0.0,0.8100327465478454,1.0,0.5250818663696136,0.0,0
S139V,1.0,1.0,0.7435427393722922,0.0,0.852001426349297,1.0,0.6300035658732427,0.0,0
S140V,1.0,1.0,0.3423439673912103,0.0,0.7676435094909368,1.0,0.41910877372734207,0.0,0
S141V,1.0,1.0,0.3367097260367168,0.0,0.7664213767421153,1.0,0.41605344185528825,0.0,0
S142V,1.0,1.0,0.26885028219906215,0.0,0.7509944786790018,1.0,0.3774861966975045,0.0,0
S143V,1.0,1.0,0.14777252534388818,0.0,0.7175954984248414,1.0,0.29398874606210335,0.0,0
S144V,1.0,1.0,0.9291997372907567,0.0,0.9134712217077562,1.0,0.7836780542693905,0.0,0
S145V,1.0,1.0,0.21208172379435242,0.0,0.7366364775262833,1.0,0.3415911938157082,0.0,0
S146V,1.0,1.0,0.1258668730902649,0.0,0.7100316323431045,1.0,0.27507908085776134,0.0,0
S147V,1.0,1.0,0.934858032362497,0.0,0.9164627458063934,1.0,0.7911568645159835,0.0,0
S148V,1.0,1.0,0.2860621368441748,0.0,0.7550512363213759,1.0,0.3876280908034399,0.0,0
S149V,1.0,1.0,0.8311747994010249,0.0,0.8757319377134742,1.0,0.6893298442836856,0.0,0
S150V,1.0,1.0,0.9006678426469344,0.0,0.9002788377367635,1.0,0.7506970943419088,0.0,0
S151V,1.0,1.0,0.33186309414152426,0.0,0.7653640950709237,1.0,0.41341023767730944,0.0,0
S152V,1.0,1.0,0.193368179510935,0.0,0.7314742632743669,1.0,0.32868565818591744,0.0,0
S153V,1.0,1.0,0.6996405570531129,0.0,0.8416605975426581,1.0,0.6041514938566453,0.0,0
S154V,1.0,1.0,0.5166788445531751,0.0,0.8033366973843368,1.0,0.5083417434608419,0.0,0
S155V,1.0,1.0,0.6520171524453564,0.0,0.831140509466041,1.0,0.5778512736651025,0.0,0
S156V,1.0,1.0,0.35918384399457637,0.0,0.7712550046218789,1.0,0.4281375115546973,0.0,0
S157V,0.14004695028224767,0.5700234751411238,0.36698108285835485,0.7369054888718197,0.38416149556310547,0.5351851146153184,0.4322701369332948,0.625971573803106,3
S158V,1.0,1.0,0.36285966445853846,0.0,0.7720357132660153,1.0,0.43008928316503825,0.0,0
S159V,1.0,1.0,0.7896320454293604,0.0,0.8638258329073951,1.0,0.6595645822684878,0.0,0
S160V,1.0,1.0,0.5688442498596735,0.0,0.8138347338713035,1.0,0.5345868346782585,0.0,0
S161V,1.0,1.0,0.27217725547987526,0.0,0.7517876614551019,1.0,0.37946915363775485,0.0,0
S162V,1.0,1.0,0.2529899157794391,0.0,0.74714808619408,1.0,0.3678702154852,0.0,0
S163V,1.0,1.0,0.38392877697466876,0.0,0.7764642786273083,1.0,0.4411606965682706,0.0,0
S164V,1.0,1.0,0.8459996859045218,0.0,0.8803763441142477,1.0,0.7009408602856193,0.0,0
S165V,1.0,1.0,0.22728824037096707,0.0,0.7406555095943996,1.0,0.3516387739859992,0.0,0
S166V,1.0,1.0,0.5758045620911316,0.0,0.8152490479045164,1.0,0.5381226197612909,0.0,0
S167V,1.0,1.0,0.45302403924728807,0.0,0.7905839830831954,1.0,0.4764599577079886,0.0,0
S168V,1.0,1.0,0.422457808515737,0.0,0.7843971741786744,1.0,0.46099293544668596,0.0,0
S169V,1.0,1.0,0.19370946199889472,0.0,0.7315707750976539,1.0,0.3289269377441348,0.0,0
S170V,1.0,1.0,0.5577319865987131,0.0,0.8115851399476285,1.0,0.5289628498690713,0.0,0
S171V,1.0,1.0,0.5263439090833616,0.0,0.805272443443513,1.0,0.5131811086087824,0.0,0
S172V,1.0,1.0,0.32822557180721357,0.0,0.764566789748106,1.0,0.4114169743702651,0.0,0
S173V,1.0,1.0,0.25087924126722305,0.0,0.7466276057576741,1.0,0.3665690143941851,0.0,0
S174V,1.0,1.0,1.0,0.0,1.0,1.0,1.0,0.0,0
S175V,1.0,1.0,0.2722242012471875,0.0,0.7517988216452489,1.0,0.3794970541131223,0.0,0
S176V,1.0,1.0,0.4398437862366259,0.0,0.7879249009561543,1.0,0.46981225239038577,0.0,0
S177V,0.7286104124918888,0.8643052062459444,0.5826455980589447,0.6989700043360187,0.6016753958644772,0.7162140620080137,0.54160896871493,0.6037701143465277,3
S178V,1.0,1.0,0.6057893607934496,0.0,0.8214001111534354,1.0,0.5535002778835885,0.0,0
S179V,1.0,1.0,0.9247779344719205,0.0,0.9112349093145042,1.0,0.7780872732862607,0.0,0
S180V,1.0,1.0,0.5050408215485818,0.0,0.8010081899283543,1.0,0.5025204748208858,0.0,0
S181V,1.0,1.0,1.0,0.0,1.0,1.0,1.0,0.0,0
S182V,1.0,1.0,0.290957397352275,0.0,0.756184920049424,1.0,0.39046230012356004,0.0,0
S183V,1.0,1.0,0.2822145945872895,0.0,0.754154168217071,1.0,0.38538542054267755,0.0,0
S184V,1.0,1.0,0.27732242086627745,0.0,0.7530055959392552,1.0,0.38251398984813817,0.0,0
S185V,1.0,1.0,0.28545693287540264,0.0,0.7549104874961168,1.0,0.3872762187402919,0.0,0
S186V,1.0,1.0,0.590428204207923,0.0,0.8182360011234894,1.0,0.5455900028087234,0.0,0
S187V,1.0,1.0,0.5866256220708033,0.0,0.8174571206657464,1.0,0.5436428016643661,0.0,0
S188V,0.19960779195466438,0.5998038959773322,0.4754294268721515,0.848504145664625,0.4379710019003082,0.5504091682027626,0.4877072876793218,0.702965256428866,3
S189V,1.0,1.0,0.22424537323257188,0.0,0.7398627583897427,1.0,0.34965689597435673,0.0,0
S190V,1.0,1.0,0.18509779835503648,0.0,0.7291061693291838,1.0,0.32276542332295943,0.0,0
S191V,1.0,1.0,0.2977804027619011,0.0,0.7577513202509539,1.0,0.39437830062738494,0.0,0
S192V,1.0,1.0,0.21726545074278913,0.0,0.7380229553313693,1.0,0.3450573883284232,0.0,0
S193V,1.0,1.0,0.41724128693231055,0.0,0.7833333144692287,1.0,0.4583332861730717,0.0,0
S194V,1.0,1.0,0.27883688020315245,0.0,0.7533621261801438,1.0,0.3834053154503594,0.0,0
S195V,1.0,1.0,0.2790553738498477,0.0,0.7534134910480346,1.0,0.38353372762008636,0.0,0
S196V,0.008007596546144358,0.5040037982730722,0.9168568916127294,0.9028404740625964,0.3537721555944845,0.5020019312288102,0.7685593001664821,0.7529849221789485,3
S197V,1.0,1.0,0.21431009454637195,0.0,0.7372346591144574,1.0,0.34308664778614345,0.0,0
S198V,1.0,1.0,0.29657880482417665,0.0,0.7574765887412949,1.0,0.39369147185323716,0.0,0
S199V,1.0,1.0,0.22090684264845928,0.0,0.7389865503192825,1.0,0.3474663757982063,0.0,0
S200V,1.0,1.0,0.30666697447634284,0.0,0.7597687995459894,1.0,0.39942199886497365,0.0,0
S201V,1.0,1.0,0.36926933470095813,0.0,0.7733910569514563,1.0,0.4334776423786406,0.0,0
S202V,1.0,1.0,0.21493388772231126,0.0,0.7374015204826587,1.0,0.343503801206647,0.0,0
S203V,1.0,1.0,0.4216672856633161,0.0,0.7842361288789497,1.0,0.46059032219737417,0.0,0
S204V,0.7891576996814679,0.8945788498407339,0.3099657892547626,1.0,0.675802268195697,0.7444437747882601,0.4012787947834172,1.0,3
S205V,1.0,1.0,0.863025132759566,0.0,0.8860431803074076,1.0,0.715107950768519,0.0,0
S206V,1.0,1.0,0.11903397967992413,0.0,0.7075132689290587,1.0,0.268783172322647,0.0,0
S207V,1.0,1.0,0.5171911781464652,0.0,0.8034392523548298,1.0,0.5085981308870746,0.0,0
S208V,1.0,1.0,0.36261402682510024,0.0,0.771983622141259,1.0,0.42995905535314766,0.0,0
S209V,1.0,1.0,0.5622948867895465,0.0,0.8125077052564661,1.0,0.5312692631411653,0.0,0
S210V,1.0,1.0,0.7134212256508632,0.0,0.8448287163409427,1.0,0.6120717908523569,0.0,0
S211V,1.0,1.0,0.7119848229590424,0.0,0.8444954501389067,1.0,0.6112386253472667,0.0,0
S212V,1.0,1.0,0.9270627833711041,0.0,0.9123800013598037,1.0,0.7809500033995093,0.0,0
S213V,1.0,1.0,0.4551891270861884,0.0,0.7910197566042152,1.0,0.47754939151053794,0.0,0
S214V,1.0,1.0,0.33845028890180795,0.0,0.7667997094277927,1.0,0.416999273569482,0.0,0
S215V,1.0,1.0,0.23243751559604575,0.0,0.74198473251629,1.0,0.35496183129072517,0.0,0
S216V,1.0,1.0,0.4801739376308831,0.0,0.7960332276827038,1.0,0.49008306920675954,0.0,0
S217V,1.0,1.0,0.8455158678698986,0.0,0.8802207965313438,1.0,0.7005519913283594,0.0,0
S218V,1.0,1.0,0.46498162094349516,0.0,0.7929877145442309,1.0,0.4824692863605772,0.0,0
S219V,1.0,1.0,0.822174381332995,0.0,0.8730251220642992,1.0,0.682562805160748,0.0,0
S220V,1.0,1.0,0.5064353597216383,0.0,0.8012871252513536,1.0,0.503217813128384,0.0,0
S221V,1.0,1.0,0.9168568916127294,0.0,0.9074237200665929,1.0,0.7685593001664821,0.0,0
S222V,1.0,1.0,0.2376538239410303,0.0,0.7433160868881392,1.0,0.35829021722034793,0.0,0
S223V,1.0,1.0,0.919695736878353,0.0,0.9087627617314854,1.0,0.7719069043287136,0.0,0
S224V,-0.08170416594551055,0.4591479170272447,0.3320287302293047,0.3283672698800324,-0.3028508231216607,0.4795397553841518,0.41350080588438726,0.4114947766707167,3
S225V,1.0,1.0,0.2824764605656358,0.0,0.7542153952309611,1.0,0.38553848807740276,0.0,0
S226V,1.0,1.0,0.2536684086227231,0.0,0.7473149510142002,1.0,0.3682873775355006,0.0,0
S227V,1.0,1.0,0.6828925490266895,0.0,0.8378914614427544,1.0,0.594728653606886,0.0,0
S228V,1.0,1.0,0.42211044426547917,0.0,0.7843264166384556,1.0,0.46081604159613915,0.0,0
S229V,1.0,1.0,0.342271412870506,0.0,0.767627817756038,1.0,0.4190695443900949,0.0,0
S230V,1.0,1.0,0.2830146084924746,0.0,0.7543411403315637,1.0,0.38585285082890947,0.0,0
S231V,1.0,1.0,0.7496804489968163,0.0,0.8535107675947871,1.0,0.6337769189869679,0.0,0
S232V,1.0,1.0,0.5760827340766277,0.0,0.8153056637939184,1.0,0.5382641594847961,0.0,0
S233V,1.0,1.0,0.20842618943666513,0.0,0.7356479259732291,1.0,0.339119814933073,0.0,0
S234V,1.0,1.0,0.42427844589545927,0.0,0.7847678451564971,1.0,0.4619196128912428,0.0,0
S235V,1.0,1.0,0.08673699901530207,0.0,0.6942316497199255,1.0,0.2355791242998138,0.0,0
S236V,1.0,1.0,0.2657638874308994,0.0,0.7502545642536917,1.0,0.37563641063422937,0.0,0
S237V,0.723804572352061,0.8619022861760305,0.1357577549998069,1.0,0.6276585344334458,0.7141427272766581,0.28384048701770476,1.0,3
S238V,1.0,1.0,0.2521646845341985,0.0,0.7469448408231236,1.0,0.367362102057809,0.0,0
S239V,1.0,1.0,0.3357383603967319,0.0,0.7662099278597376,1.0,0.4155248196493441,0.0,0
S240V,1.0,1.0,0.8135473806215046,0.0,0.8705019519541788,1.0,0.6762548798854472,0.0,0
S241V,1.0,1.0,0.5103402526040118,0.0,0.8020682716857648,1.0,0.5051706792144118,0.0,0
S242V,1.0,1.0,0.36744107115524827,0.0,0.7730052238849228,1.0,0.4325130597123069,0.0,0
S243V,1.0,1.0,0.4455276772776884,0.0,0.7890730157554062,1.0,0.4726825393885155,0.0,0
S244V,1.0,1.0,0.4059004120633537,0.0,0.7810104188837784,1.0,0.45252604720944606,0.0,0
S245V,1.0,1.0,0.19762600036534472,0.0,0.7326717530039561,1.0,0.33167938250989043,0.0,0
S246V,1.0,1.0,0.160588897338093,0.0,0.7217181387736908,1.0,0.30429534693422705,0.0,0
S247V,1.0,1.0,0.45090742547097773,0.0,0.7901577069258083,1.0,0.47539426731452095,0.0,0
S248V,1.0,1.0,0.1723715556303289,0.0,0.7253441263103931,1.0,0.31336031577598294,0.0,0
S249V,1.0,1.0,0.2938681341294763,0.0,0.7568550699560507,1.0,0.39213767489012674,0.0,0
S250V,1.0,1.0,0.5261821096992538,0.0,0.8052400164518982,1.0,0.5131000411297456,0.0,0
S251V,1.0,1.0,0.4528550662954547,0.0,0.7905499622888693,1.0,0.4763749057221734,0.0,0
S252V,1.0,1.0,0.3813335162734688,0.0,0.7759227398749146,1.0,0.4398068496872864,0.0,0
S253V,1.0,1.0,0.9028404740625964,0.0,0.9011939688715794,1.0,0.7529849221789485,0.0,0
S254V,1.0,1.0,0.815056368368627,0.0,0.8709385237735398,1.0,0.6773463094338494,0.0,0
S255V,1.0,1.0,0.5728278175187347,0.0,0.814643648190562,1.0,0.5366091204764051,0.0,0
S256V,1.0,1.0,0.31752951562854637,0.0,0.7622024676919009,1.0,0.4055061692297523,0.0,0
S257V,1.0,1.0,0.30355243709375923,0.0,0.7590645398245305,1.0,0.3976613495613263,0.0,0
S258V,1.0,1.0,0.38190607505109864,0.0,0.7760423024074856,1.0,0.440105756018714,0.0,0
S259V,1.0,1.0,0.542482829359578,0.0,0.8085119559979783,1.0,0.5212798899949459,0.0,0
S260V,0.4564355568004036,0.7282177784002017,0.60828749198872,0.723565409056325,0.5214664786339065,0.6207657079504828,0.5547939866043995,0.6180095632187766,3
S261V,1.0,1.0,0.45402514439075825,0.0,0.7907855109870142,1.0,0.47696377746753554,0.0,0
S262V,1.0,1.0,0.3584200429028692,0.0,0.7710924548380054,1.0,0.42773113709501354,0.0,0
S263V,0.7777151693143121,0.888857584657156,0.3160330903055535,1.0,0.6719110568991026,0.7387655451955564,0.40467304663301223,1.0,3
S264V,1.0,1.0,0.2680187336779607,0.0,0.7507955196906214,1.0,0.3769887992265535,0.0,0
S265V,1.0,1.0,0.8822239517371246,0.0,0.8929597665016218,1.0,0.7323994162540545,0.0,0
S266V,1.0,1.0,0.37100425347787513,0.0,0.7737566450186814,1.0,0.4343916125467034,0.0,0
S267V,1.0,1.0,0.35384940998343517,0.0,0.7701173390308558,1.0,0.4252933475771396,0.0,0
S268V,1.0,1.0,0.3896935413813457,0.0,0.7776635391732103,1.0,0.4441588479330256,0.0,0
S269V,1.0,1.0,0.3424004405988703,0.0,0.7676557224181139,1.0,0.41913930604528477,0.0,0
S270V,1.0,1.0,0.6753927090691805,0.0,0.8362296320981649,1.0,0.5905740802454124,0.0,0
S271V,0.22065016270791493,0.6103250813539575,0.7749545870739497,1.0,0.5383424869797384,0.55585081778491,0.649820685656041,1.0,3
S272V,1.0,1.0,0.4908818421791612,0.0,0.7981762167924248,1.0,0.49544054198106197,0.0,0
S273V,1.0,1.0,0.3711471864810413,0.0,0.773786740937912,1.0,0.43446685234477994,0.0,0
S274V,1.0,1.0,0.2658715643802767,0.0,0.7502804454923875,1.0,0.37570111373096887,0.0,0
S275V,1.0,1.0,0.7248035441097616,0.0,0.8474963881378872,1.0,0.618740970344718,0.0,0
S276V,1.0,1.0,0.3844199287798604,0.0,0.7765666479637641,1.0,0.4414166199094101,0.0,0
S277V,1.0,1.0,0.3716745119420013,0.0,0.7738977437893793,1.0,0.4347443594734481,0.0,0
S278V,1.0,1.0,0.3874217454952985,0.0,0.7771915179433639,1.0,0.4429787948584098,0.0,0
S279V,1.0,1.0,0.5880336694119174,0.0,0.8177453416403634,1.0,0.5443633541009084,0.0,0
S280V,1.0,1.0,0.6087402476605013,0.0,0.8220114755304834,1.0,0.5550286888262085,0.0,0
S281V,1.0,1.0,0.3943514515888361,0.0,0.7786290322094847,1.0,0.44657258052371174,0.0,0
S282V,1.0,1.0,0.4366645852311767,0.0,0.7872816928394257,1.0,0.4682042320985645,0.0,0
S283V,1.0,1.0,0.5565676060203233,0.0,0.811349956829022,1.0,0.528374892072555,0.0,0
S284V,1.0,1.0,0.3633802165693656,0.0,0.7721460667590874,1.0,0.43036516689771853,0.0,0
S285V,1.0,1.0,0.5771496453443854,0.0,0.8155228788722809,1.0,0.5388071971807022,0.0,0
S286V,1.0,1.0,0.5762735279468714,0.0,0.8153445000037216,1.0,0.5383612500093039,0.0,0
S287V,1.0,1.0,0.27989018297558776,0.0,0.7536095763808028,1.0,0.38402394095200704,0.0,0
S288V,1.0,1.0,0.4952518591137698,0.0,0.7990503504125714,1.0,0.49762587603142866,0.0,0
S289V,1.0,1.0,0.6090237646340634,0.0,0.8220702787822589,1.0,0.5551756969556473,0.0,0
S290V,1.0,1.0,0.3166852596771488,0.0,0.7620145315808795,1.0,0.40503632895219865,0.0,0
S291V,1.0,1.0,0.3933415723898722,0.0,0.778419961359757,1.0,0.44604990339939243,0.0,0
S292V,1.0,1.0,0.6611935072887012,0.0,0.8331229526127677,1.0,0.5828073815319192,0.0,0
S293V,1.0,1.0,0.30353433770692795,0.0,0.7590604384330368,1.0,0.39765109608259225,0.0,0
S294V,1.0,1.0,0.31239958764704345,0.0,0.7610574139445427,1.0,0.4026435348613568,0.0,0
S295V,1.0,1.0,0.4895466560079643,0.0,0.7979091026992536,1.0,0.49477275674813403,0.0,0
S296V,1.0,1.0,0.46550646648965577,0.0,0.7930930655997399,1.0,0.48273266399934994,0.0,0
S297V,1.0,1.0,0.5826899155254072,0.0,0.8166526369385192,1.0,0.5416315923462981,0.0,0
S298V,0.4774406254630592,0.7387203127315296,0.6277340428155479,1.0,0.6062176463653115,0.6270691890498933,0.5649445327406497,1.0,3
S299V,1.0,1.0,0.3193820026016112,0.0,0.7626141500405399,1.0,0.4065353751013499,0.0,0
S300V,1.0,1.0,0.2709686538937448,0.0,0.7515000403403715,1.0,0.37875010085092886,0.0,0
S301V,1.0,1.0,0.29984711422852306,0.0,0.7582227500446723,1.0,0.3955568751116809,0.0,0
S302V,1.0,1.0,0.4455911672474774,0.0,0.7890858277785091,1.0,0.4727145694462728,0.0,0
S303V,1.0,1.0,0.251400707580119,0.0,0.7467563937023618,1.0,0.3668909842559045,0.0,0
S304V,1.0,1.0,0.6361604115353234,0.0,0.8277565915289014,1.0,0.5693914788222533,0.0,0
S305V,1.0,1.0,0.9291997372907567,0.0,0.9134712217077562,1.0,0.7836780542693905,0.0,0
S306V,1.0,1.0,1.0,0.0,1.0,1.0,1.0,0.0,0
S307V,0.4564355568004036,0.7282177784002017,0.21413794375938766,0.6989700043360187,0.47625407384275714,0.6207657079504828,0.3429714115209017,0.6037701143465277,3
S308V,1.0,1.0,0.25985641150737226,0.0,0.74882698988501,1.0,0.3720674747125248,0.0,0
S309V,1.0,1.0,0.8426939537489719,0.0,0.8793191266780459,1.0,0.6982978166951148,0.0,0
S310V,1.0,1.0,0.4452294565277146,0.0,0.7890128323937364,1.0,0.47253208098434113,0.0,0
S311V,1.0,1.0,0.3668628746797409,0.0,0.7728830780164024,1.0,0.43220769504100626,0.0,0
S312V,1.0,1.0,0.4994475471694819,0.0,0.7998895094001742,1.0,0.4997237735004355,0.0,0
S313V,1.0,1.0,0.17995545099451782,0.0,0.7276040435328806,1.0,0.3190101088322014,0.0,0
S314V,1.0,1.0,0.6615864690038673,0.0,0.8332082730245761,1.0,0.5830206825614404,0.0,0
S315V,1.0,1.0,0.627734042815548,0.0,0.82597781309626,1.0,0.5649445327406498,0.0,0
S316V,1.0,1.0,0.2305510121223734,0.0,0.7414995173516035,1.0,0.35374879337900866,0.0,0
S317V,1.0,1.0,1.0,0.0,1.0,1.0,1.0,0.0,0
S318V,1.0,1.0,0.53486255701531,0.0,0.8069810064409325,1.0,0.5174525161023313,0.0,0
S319V,1.0,1.0,0.6093242314317462,0.0,0.822132609985617,1.0,0.5553315249640425,0.0,0
S320V,1.0,1.0,0.26516513415435394,0.0,0.7501105581045857,1.0,0.3752763952614642,0.0,0
S321V,1.0,1.0,0.35767933584165357,0.0,0.7709347110728246,1.0,0.4273367776820617,0.0,0
S322V,1.0,1.0,0.5493799072838311,0.0,0.8099001809650063,1.0,0.5247504524125156,0.0,0
S323V,1.0,1.0,0.6277340428155479,0.0,0.8259778130962598,1.0,0.5649445327406497,0.0,0
S324V,1.0,1.0,0.3737069342824496,0.0,0.7743251254269445,1.0,0.4358128135673614,0.0,0
S325V,1.0,1.0,0.2154529478186059,0.0,0.7375401719026121,1.0,0.3438504297565303,0.0,0
S326V,1.0,1.0,0.79577911635665,0.0,0.8655008124404664,1.0,0.6637520311011662,0.0,0
S327V,1.0,1.0,0.319520541027118,0.0,0.7626448998556479,1.0,0.4066122496391197,0.0,0
S328V,1.0,1.0,0.8105771088710544,0.0,0.86964828984803,1.0,0.6741207246200752,0.0,0
S329V,1.0,1.0,0.2495271487117784,0.0,0.7462930668657587,1.0,0.3657326671643967,0.0,0
S330V,0.08170416594551055,0.5408520829727552,0.2487486626908365,0.703416778481577,0.3321629317890644,0.5204602446158483,0.36525012448260147,0.6063060014095211,3
S331V,1.0,1.0,0.3206154742915811,0.0,0.7628877459190642,1.0,0.4072193647976605,0.0,0
S332V,1.0,1.0,0.3235600862717415,0.0,0.7635392320900879,1.0,0.4088480802252198,0.0,0
S333V,1.0,1.0,1.0,0.0,1.0,1.0,1.0,0.0,0
S334V,1.0,1.0,0.4994475471694819,0.0,0.7998895094001742,1.0,0.4997237735004355,0.0,0
S335V,1.0,1.0,0.4333926969067574,0.0,0.7866189079865082,1.0,0.46654726996627066,0.0,0
S336V,1.0,1.0,0.2873380672235356,0.0,0.7553475419691356,1.0,0.38836885492283885,0.0,0
S337V,0.3499775783516459,0.674988789175823,0.8287152589289942,0.3979400086720376,0.48110955129798894,0.590351392495675,0.6874607441146773,0.44842709320854035,3
S338V,1.0,1.0,0.46318903131075284,0.0,0.7926278030123781,1.0,0.48156950753094546,0.0,0
S339V,1.0,1.0,1.0,0.0,1.0,1.0,1.0,0.0,0
S340V,1.0,1.0,0.3654789776850711,0.0,0.7725904795505206,1.0,0.4314761988763017,0.0,0
S341V,0.0,0.5,0.5786840682072257,0.6830209610042828,0.2268777587472649,0.5,0.5395886713452819,0.5948001223910426,3
S342V,1.0,1.0,0.3566548342802298,0.0,0.770716351471821,1.0,0.42679087867955257,0.0,0
S343V,1.0,1.0,0.4205702195361152,0.0,0.7840125330048585,1.0,0.4600313325121463,0.0,0
S344V,1.0,1.0,0.7993399197830854,0.0,0.8664834746040355,1.0,0.6662086865100887,0.0,0
S345V,1.0,1.0,0.3681592425431157,0.0,0.7731568563447109,1.0,0.4328921408617772,0.0,0
S346V,1.0,1.0,0.702527926921253,0.0,0.8423191306350237,1.0,0.6057978265875592,0.0,0
S347V,0.007225546012191719,0.5036127730060959,0.867698223932684,0.7699515207193152,0.32031386195485256,0.5018064100808527,0.7191762568090989,0.6465751922440441,3
S348V,1.0,1.0,0.3713360698720004,0.0,0.7738265067216683,1.0,0.43456626680417076,0.0,0
S349V,1.0,1.0,0.5565441559711846,0.0,0.8113452213299907,1.0,0.5283630533249766,0.0,0
S350V,1.0,1.0,0.3530096571095782,0.0,0.7699377259223116,1.0,0.4248443148057789,0.0,0
S351V,1.0,1.0,0.7893263129435772,0.0,0.863743211672179,1.0,0.6593580291804477,0.0,0
S352V,1.0,1.0,0.23405652897928186,0.0,0.7423995545003563,1.0,0.3559988862508908,0.0,0
S353V,1.0,1.0,0.4506753505515787,0.0,0.790110952016505,1.0,0.4752773800412626,0.0,0
S354V,1.0,1.0,0.576046047978873,0.0,0.8152981967125366,1.0,0.5382454917813414,0.0,0
S355V,1.0,1.0,0.23251696401204636,0.0,0.7420051228639268,1.0,0.3550128071598172,0.0,0
S356V,0.6287676733591243,0.8143838366795622,1.0,1.0,0.7392930004984235,0.6768592687385652,1.0,1.0,3
S357V,1.0,1.0,0.2508703406245083,0.0,0.7466254064113995,1.0,0.36656351602849885,0.0,0
S358V,1.0,1.0,0.45127782772964475,0.0,0.7902323232404138,1.0,0.4755808081010347,0.0,0
S359V,1.0,1.0,0.3320287302293047,0.0,0.7654003223537549,1.0,0.41350080588438726,0.0,0
S360V,1.0,1.0,0.463974230817918,0.0,0.7927854705589166,1.0,0.4819636763972916,0.0,0
S361V,1.0,1.0,0.2520311362485361,0.0,0.746911919030139,1.0,0.36727979757534757,0.0,0
S362V,1.0,1.0,0.6111619637023307,0.0,0.8225141248549666,1.0,0.5562853121374164,0.0,0
S363V,1.0,1.0,0.6633656332019753,0.0,0.833595019609048,1.0,0.5839875490226201,0.0,0
S364V,1.0,1.0,0.8218887460288663,0.0,0.8729404990902684,1.0,0.682351247725671,0.0,0
S365V,1.0,1.0,0.5065151914885612,0.0,0.8013030936134133,1.0,0.5032577340335335,0.0,0
S366V,1.0,1.0,0.70095899109338,0.0,0.8419609632404095,1.0,0.6049024081010237,0.0,0
S367V,1.0,1.0,0.8822239517371246,0.0,0.8929597665016218,1.0,0.7323994162540545,0.0,0
S368V,1.0,1.0,0.2515404919167915,0.0,0.7467908945235182,1.0,0.3669772363087957,0.0,0
S369V,1.0,1.0,0.249843060348372,0.0,0.7463713097228517,1.0,0.3659282743071294,0.0,0
S370V,1.0,1.0,0.8426939537489719,0.0,0.8793191266780459,1.0,0.6982978166951148,0.0,0
S371V,1.0,1.0,1.0,0.0,1.0,1.0,1.0,0.0,0
S372V,1.0,1.0,0.34315079904395107,0.0,0.767817927358313,1.0,0.41954481839578267,0.0,0
S373V,1.0,1.0,0.4767649137655996,0.0,0.7953504712589967,1.0,0.4883761781474917,0.0,0
S374V,1.0,1.0,0.42773524200541957,0.0,0.7854707735191419,1.0,0.46367693379785463,0.0,0
S375V,1.0,1.0,0.5295840263041893,0.0,0.805921992819696,1.0,0.51480498204924,0.0,0
S376V,1.0,1.0,0.7151133591837933,0.0,0.8452222630173337,1.0,0.6130556575433344,0.0,0
S377V,1.0,1.0,0.5735481811674532,0.0,0.8147900782380292,1.0,0.536975195595073,0.0,0
S378V,1.0,1.0,0.7273910705376161,0.0,0.8481097521293566,1.0,0.6202743803233914,0.0,0
S379V,1.0,1.0,0.4297667451963635,0.0,0.7858833688790612,1.0,0.464708422197653,0.0,0
S380V,0.03436386662939028,0.5171819333146952,0.8882479343209675,0.5645249908164375,0.3493371589733286,0.5085935043710768,0.7381710404795612,0.5323979497725787,3
S381V,1.0,1.0,0.5107123022483993,0.0,0.802142706360784,1.0,0.5053567659019601,0.0,0
S382V,1.0,1.0,0.7016563780042244,0.0,0.842120068689919,1.0,0.6053001717247973,0.0,0
S383V,1.0,1.0,0.27416987149595595,0.0,0.7522605811415221,1.0,0.38065145285380514,0.0,0
S384V,1.0,1.0,0.436601306657162,0.0,0.7872688826023451,1.0,0.4681722065058626,0.0,0
S385V,0.5605030130784867,0.7802515065392434,0.4096910013008056,1.0,0.609112058553261,0.6532976730388962,0.4544711011012758,1.0,3
S386V,1.0,1.0,0.6511247386317753,0.0,0.8309487007839981,1.0,0.5773717519599952,0.0,0
S387V,1.0,1.0,0.35458031512526567,0.0,0.770273554077325,1.0,0.42568388519331263,0.0,0
S388V,1.0,1.0,0.25830269302249975,0.0,0.7484489758617385,1.0,0.3711224396543463,0.0,0
S389V,1.0,1.0,0.3710746884606748,0.0,0.7737714762250149,1.0,0.4344286905625372,0.0,0
S390V,1.0,1.0,0.4066847510973898,0.0,0.781171543921226,1.0,0.45292885980306513,0.0,0
S391V,1.0,1.0,0.6923689900271568,0.0,0.8400138129851697,1.0,0.6000345324629245,0.0,0
S392V,1.0,1.0,0.7541520872857085,0.0,0.8546217806836423,1.0,0.6365544517091055,0.0,0
S393V,1.0,1.0,0.6257292954496912,0.0,0.8255564482505788,1.0,0.5638911206264471,0.0,0
S394V,1.0,1.0,0.4071547115784476,0.0,0.7812680518106533,1.0,0.45317012952663316,0.0,0
S395V,1.0,1.0,0.27770938990506466,0.0,0.7530967789129649,1.0,0.38274194728241234,0.0,0
S396V,1.0,1.0,0.48656707400643107,0.0,0.7973129298494193,1.0,0.49328232462354826,0.0,0
S397V,1.0,1.0,0.5310772135204397,0.0,0.8062214571594488,1.0,0.515553642898622,0.0,0
S398V,1.0,1.0,0.5596668005801306,0.0,0.8119761496129942,1.0,0.5299403740324855,0.0,0
S399V,1.0,1.0,0.2125104785958296,0.0,0.7367518293692292,1.0,0.3418795734230732,0.0,0
S400V,1.0,1.0,0.4481154406946253,0.0,0.7895950019935587,1.0,0.4739875049838968,0.0,0
S401V,1.0,1.0,0.8294636456987747,0.0,0.8752111397716829,1.0,0.6880278494292071,0.0,0
S402V,1.0,1.0,0.30766219933912375,0.0,0.7599932154479425,1.0,0.3999830386198564,0.0,0
S403V,1.0,1.0,0.3377402328176877,0.0,0.7666454558254701,1.0,0.41661363956367525,0.0,0
S404V,1.0,1.0,0.29175294778569094,0.0,0.7563683700715871,1.0,0.39092092517896776,0.0,0
S405V,1.0,1.0,0.344530880370186,0.0,0.7681159313314002,1.0,0.4202898283285005,0.0,0
S406V,0.6287676733591243,0.8143838366795622,0.8822239517371246,1.0,0.6857728837492345,0.6768592687385652,0.7323994162540545,1.0,3
S407V,1.0,1.0,0.3756141964015314,0.0,0.7747255524548502,1.0,0.4368138811371255,0.0,0
S408V,1.0,1.0,0.5728278175187347,0.0,0.814643648190562,1.0,0.5366091204764051,0.0,0
S409V,1.0,1.0,0.3576207837312406,0.0,0.7709222370050011,1.0,0.42730559251250266,0.0,0
S410V,1.0,1.0,0.38044504585924566,0.0,0.7757371063321716,1.0,0.439342765830429,0.0,0
S411V,1.0,1.0,0.31123756597829966,0.0,0.7607969910037395,1.0,0.40199247750934874,0.0,0
S412V,1.0,1.0,1.0,0.0,1.0,1.0,1.0,0.0,0
S413V,1.0,1.0,0.45024539778169625,0.0,0.7900243231268023,1.0,0.47506080781700566,0.0,0
S414V,1.0,1.0,0.33526658940161025,0.0,0.7661071507555045,1.0,0.4152678768887612,0.0,0
S415V,1.0,1.0,0.290957397352275,0.0,0.756184920049424,1.0,0.39046230012356004,0.0,0
S416V,1.0,1.0,0.3644968441663633,0.0,0.7723826139914474,1.0,0.4309565349786183,0.0,0
S417V,1.0,1.0,0.506243397782676,0.0,0.8012487282338792,1.0,0.5031218205846978,0.0,0
S418V,1.0,1.0,0.4881816590573991,0.0,0.7976360015781653,1.0,0.4940900039454133,0.0,0
S419V,1.0,1.0,0.37451399555798137,0.0,0.7744946412472774,1.0,0.4362366031181935,0.0,0
S420V,1.0,1.0,0.5032025130583683,0.0,0.8006405091808607,1.0,0.5016012729521518,0.0,0
S421V,1.0,1.0,0.41060152435734654,0.0,0.7819750780257273,1.0,0.4549376950643182,0.0,0
S422V,1.0,1.0,0.2399158250984581,0.0,0.7438888387737117,1.0,0.3597220969342793,0.0,0
S423V,1.0,1.0,0.664194991065947,0.0,0.8337755567843568,1.0,0.584438891960892,0.0,0
S424V,1.0,1.0,0.5028546087200666,0.0,0.800570926396411,1.0,0.5014273159910276,0.0,0
S425V,1.0,1.0,1.0,0.0,1.0,1.0,1.0,0.0,0
S426V,0.5861831496963662,0.793091574848183,0.6154000326540975,1.0,0.6377478084272288,0.6619130729603555,0.5584895907893161,1.0,3
S427V,1.0,1.0,0.37883715730509526,0.0,0.7754008420287213,1.0,0.4385021050718032,0.0,0
S428V,1.0,1.0,0.44111831770581866,0.0,0.788182548772489,1.0,0.47045637193122253,0.0,0
S429V,1.0,1.0,0.3530096571095782,0.0,0.7699377259223116,1.0,0.4248443148057789,0.0,0
S430V,1.0,1.0,0.4275895358999391,0.0,0.7854411667052144,1.0,0.46360291676303583,0.0,0
S431V,1.0,1.0,0.2663700833049918,0.0,0.7504002056075614,1.0,0.37600051401890355,0.0,0
S432V,1.0,1.0,1.0,0.0,1.0,1.0,1.0,0.0,0
S433V,1.0,1.0,0.662210124645351,0.0,0.8333437559263535,1.0,0.5833593898158836,0.0,0
S434V,1.0,1.0,1.0,0.0,1.0,1.0,1.0,0.0,0
S435V,1.0,1.0,0.42692424494559733,0.0,0.7853059582812673,1.0,0.4632648957031681,0.0,0
S436V,1.0,1.0,0.40927243829327875,0.0,0.7817026122616155,1.0,0.4542565306540389,0.0,0
S437V,1.0,1.0,0.2926993945682469,0.0,0.7565863335266229,1.0,0.39146583381655725,0.0,0
S438V,1.0,1.0,0.5603503027170031,0.0,0.8121143447958423,1.0,0.5302858619896058,0.0,0
S439V,1.0,1.0,0.8135473806215046,0.0,0.8705019519541788,1.0,0.6762548798854472,0.0,0
S440V,1.0,1.0,0.3661550757408386,0.0,0.7727334709995113,1.0,0.4318336774987782,0.0,0
S441V,1.0,1.0,0.8936282409106743,0.0,0.8973950235402339,1.0,0.7434875588505848,0.0,0
S442V,1.0,1.0,0.46647284338699846,0.0,0.7932870143088185,1.0,0.4832175357720464,0.0,0
S443V,1.0,1.0,0.4141993916509471,0.0,0.7827116549518901,1.0,0.45677913737972525,0.0,0
S444V,1.0,1.0,0.43373405252052644,0.0,0.7866880966311045,1.0,0.4667202415777612,0.0,0
S445V,1.0,1.0,0.44111831770581866,0.0,0.788182548772489,1.0,0.47045637193122253,0.0,0
S446V,1.0,1.0,0.6232220771683312,0.0,0.825030422165643,1.0,0.5625760554141077,0.0,0
S447V,-0.0035140101132169477,0.4982429949433915,0.8287152589289942,0.8716923892319839,-0.3156693790631061,0.4991214947596831,0.6874607441146773,0.7227217950615306,3
S448V,0.7419813313351845,0.8709906656675923,0.6257292954496912,1.0,0.6902085893444021,0.7220941710214441,0.5638911206264471,1.0,3
S449V,1.0,1.0,0.22399899772599074,0.0,0.739798328447065,1.0,0.3494958211176624,0.0,0
S450V,1.0,1.0,0.815056368368627,0.0,0.8709385237735398,1.0,0.6773463094338494,0.0,0
S451V,0.6287676733591243,0.8143838366795622,0.48811663902112556,1.0,0.6381044965431126,0.6768592687385652,0.4940574802234455,1.0,3
S452V,1.0,1.0,0.31239958764704345,0.0,0.7610574139445427,1.0,0.4026435348613568,0.0,0
S453V,1.0,1.0,0.848504145664625,0.0,0.8811861025715464,1.0,0.702965256428866,0.0,0
S454V,1.0,1.0,0.7826779887263511,0.0,0.861962013137116,1.0,0.6549050328427901,0.0,0
S455V,1.0,1.0,0.4975266504306053,0.0,0.7995053270599616,1.0,0.4987633176499039,0.0,0
S456V,0.7136030428840439,0.8568015214420219,0.3862718594058506,1.0,0.65578258562856,0.7098153317088822,0.44238078066386655,1.0,3
S457V,1.0,1.0,0.42210166416363204,0.0,0.7843246279938013,1.0,0.4608115699845033,0.0,0
S458V,1.0,1.0,0.8882479343209675,0.0,0.8952684161918245,1.0,0.7381710404795612,0.0,0
S459V,1.0,1.0,0.5528273777167043,0.0,0.8105951266812824,1.0,0.526487816703206,0.0,0
S460V,1.0,1.0,0.2977227389208432,0.0,0.7577381468824742,1.0,0.3943453672061856,0.0,0
S461V,1.0,1.0,0.4767289121183086,0.0,0.7953432592286598,1.0,0.48835814807164957,0.0,0
S462V,1.0,1.0,0.42210166416363215,0.0,0.7843246279938013,1.0,0.4608115699845033,0.0,0
S463V,1.0,1.0,0.6117891412722231,0.0,0.8226444391944361,1.0,0.5566110979860901,0.0,0
S464V,1.0,1.0,0.32491840078732626,0.0,0.7638389796876236,1.0,0.4095974492190591,0.0,0
S465V,1.0,1.0,0.47003818882302095,0.0,0.7940022486803069,1.0,0.4850056217007673,0.0,0
S466V,1.0,1.0,0.2346364457067105,0.0,0.7425477862781612,1.0,0.35636946569540306,0.0,0
S467V,1.0,1.0,0.461177658220597,0.0,0.7922237938289629,1.0,0.48055948457240744,0.0,0
S468V,1.0,1.0,0.362394925823484,0.0,0.7719371489411568,1.0,0.42984287235289204,0.0,0
S469V,0.6087564363707444,0.8043782181853723,0.2597227132002,1.0,0.6074195013129673,0.6697253748804834,0.37198626006116786,1.0,3
S470V,1.0,1.0,0.8984655727087764,0.0,0.8993636274626835,1.0,0.7484090686567086,0.0,0
S471V,1.0,1.0,0.463974230817918,0.0,0.7927854705589166,1.0,0.4819636763972916,0.0,0
S472V,1.0,1.0,0.7669295418799478,0.0,0.8578529215893838,1.0,0.6446323039734593,0.0,0
S473V,1.0,1.0,0.1920302895897411,0.0,0.7310950158404662,1.0,0.3277375396011655,0.0,0
S474V,0.18872187554086717,0.5943609377704335,0.7541520872857085,1.0,0.5225372517022706,0.547608214967433,0.6365544517091055,1.0,3
S475V,1.0,1.0,0.48000178684389894,0.0,0.7959987565168751,1.0,0.4899968912921877,0.0,0
S476V,0.6287676733591243,0.8143838366795622,0.8135473806215046,1.0,0.674543976475513,0.6768592687385652,0.6762548798854472,1.0,3
S477V,0.5605030130784867,0.7802515065392434,0.8588182584953924,1.0,0.6605208897102004,0.6532976730388962,0.711515256885973,1.0,3
S478V,1.0,1.0,0.5511297031533895,0.0,0.8102528144548705,1.0,0.5256320361371762,0.0,0
S479V,-0.6990171086340968,0.15049144568295159,0.8588182584953924,0.4974629500354262,-0.6043274807932864,0.29621739450346907,0.711515256885973,0.4987314668525915,2
S480V,1.0,1.0,0.44051913262940945,0.0,0.7880614377029385,1.0,0.4701535942573461,0.0,0
S481V,1.0,1.0,0.4216672856633161,0.0,0.7842361288789497,1.0,0.46059032219737417,0.0,0
S482V,1.0,1.0,0.5080974284377273,0.0,0.8016195918884728,1.0,0.504048979721182,0.0,0
S483V,-0.04556599707503495,0.4772170014624825,1.0,0.48961512838049237,-0.40655189770624334,0.4886025816560524,1.0,0.49480700408829054,3
S484V,1.0,1.0,0.5849448109342876,0.0,0.8171133497358004,1.0,0.542783374339501,0.0,0
S485V,1.0,1.0,0.3799670389082801,0.0,0.7756371818159643,1.0,0.43909295453991076,0.0,0
S486V,1.0,1.0,0.4312801558176961,0.0,0.7861905060627177,1.0,0.4654762651567941,0.0,0
S487V,1.0,1.0,0.5519092369312044,0.0,0.8104099737714017,1.0,0.5260249344285042,0.0,0
S488V,1.0,1.0,0.37027017836169296,0.0,0.7736020224535918,1.0,0.43400505613397944,0.0,0
S489V,1.0,1.0,0.815056368368627,0.0,0.8709385237735398,1.0,0.6773463094338494,0.0,0
S490V,1.0,1.0,0.39245659236835995,0.0,0.7782366319226465,1.0,0.4455915798066163,0.0,0
S491V,1.0,1.0,0.4504380748557879,0.0,0.7900631459841194,1.0,0.4751578649602985,0.0,0
S492V,1.0,1.0,0.5207851761936837,0.0,0.8041588327293079,1.0,0.5103970818232697,0.0,0
S493V,1.0,1.0,0.29694277244845424,0.0,0.7575598557790152,1.0,0.393899639447538,0.0,0
S494V,1.0,1.0,0.5418539921951661,0.0,0.8083855136411923,1.0,0.5209637841029806,0.0,0
S495V,1.0,1.0,0.4369975017490445,0.0,0.7873490839625125,1.0,0.46837270990628127,0.0,0
S496V,1.0,1.0,0.8072786601414448,0.0,0.8687089139963271,1.0,0.6717722849908179,0.0,0
S497V,1.0,1.0,0.20359705602211364,0.0,0.7343277031745005,1.0,0.33581925793625117,0.0,0
S498V,1.0,1.0,0.5673063925363675,0.0,0.8135228189741889,1.0,0.5338070474354722,0.0,0
S499V,1.0,1.0,0.6721090740889387,0.0,0.8355067282471441,1.0,0.5887668206178602,0.0,0
S500V,-1.0,0.0,0.0,1.0,-1.0,0.0,0.0,1.0,1
S501V,-0.9748822594908929,0.012558870254553545,0.6989700043360187,0.4490369509486023,-0.7326564905044495,0.10134717015220071,0.6037701143465277,0.4744519480083101,2
S502V,-1.0,0.0,0.0,0.673613344210553,-0.8358375531620187,0.0,0.0,0.5895938829050468,1
S503V,-0.9871186928980631,0.006440653550968456,1.0,0.8337927348437586,-0.8767538275396825,0.07451400615820263,1.0,0.6913364220622774,2
S504V,-1.0,0.0,0.0,0.6001485484739175,-0.8202347360786815,0.0,0.0,0.5505868401967036,1
S505V,-1.0,0.0,0.0,0.6462262119876213,-0.8298988297104453,0.0,0.0,0.5747470742761133,1
S506V,-1.0,0.0,0.0,0.9443589053033166,-0.9218711626369058,0.0,0.0,0.8046779065922647,1
S507V,-0.9895952397212499,0.0052023801393750735,1.0,0.3247970447854609,-0.82610476011022,0.06743897104846497,1.0,0.40953054748537354,2
S508V,-1.0,0.0,0.0,0.8405776145930799,-0.8786490251492602,0.0,0.0,0.6966225628731507,1
S509V,-1.0,0.0,0.0,0.3252642662506685,-0.76391522676811,0.0,0.0,0.409788066920275,1
S510V,-1.0,0.0,0.0,0.4194400930202754,-0.7837820738153307,0.0,0.0,0.4594551845383269,1
S511V,-0.9819558595408665,0.009022070229566748,1.0,0.3061008488862842,-0.8081955415905235,0.08710479014589108,1.0,0.39910252088612086,2
S512V,-0.9895292312494294,0.005235384375285312,1.0,0.44445972919241883,-0.8384654510639268,0.06763915140854317,1.0,0.4721436688523791,2
S513V,-1.0,0.0,0.0,0.6595470600882251,-0.832765862002535,0.0,0.0,0.5819146550063375,1
S514V,-0.9635352918307892,0.018232354084605384,0.4214419939295736,0.33987722650977636,-0.6779363784609362,0.11993155506176842,0.46047555317491845,0.41777336269538606,2
S515V,-1.0,0.0,0.0,0.9318549648830106,-0.9148558653185346,0.0,0.0,0.7871396632963364,1
S516V,-1.0,0.0,0.0,0.41436551088885953,-0.7827456295461396,0.0,0.0,0.45686407386534905,1
S517V,-0.9576816321987873,0.021159183900606338,0.7557809497117844,0.44871282849746164,-0.7181538203377468,0.12817999532850508,0.6375723766024876,0.47428860482859597,2
S518V,-0.9755712699216663,0.012214365039166841,1.0,0.4056489014971312,-0.8085059588043155,0.10007185060268992,1.0,0.45239684009076486,2
S519V,-1.0,0.0,0.0,0.339148528123536,-0.7669512814212522,0.0,0.0,0.41737820355313077,1
S520V,-1.0,0.0,0.0,0.3325484274957655,-0.7655139447656395,0.0,0.0,0.4137848619140987,1
S521V,-1.0,0.0,0.0,0.5599232226892623,-0.8120279907685799,0.0,0.0,0.5300699769214499,1
S522V,-1.0,0.0,0.0,0.6921197466180053,-0.839957654885972,0.0,0.0,0.59989413721493,1
S523V,-1.0,0.0,0.0,0.44871155888755654,-0.7897151859879458,0.0,0.0,0.4742879649698644,1
S524V,-0.988739657012572,0.005630171493713976,1.0,0.5309605815899967,-0.8452429011110703,0.06998077815861954,1.0,0.5154951580615317,2
S525V,-0.9766761782338985,0.011661910883050741,1.0,0.361337162892577,-0.8055464435884316,0.09798220287187662,1.0,0.42928165225801534,2
S526V,-0.966778514667833,0.016610742666083478,0.6989700043360187,0.3450981067087574,-0.7110430386315851,0.11501809871617664,0.6037701143465277,0.42059572860984357,2
S527V,-0.9887590073917827,0.0056204963041086575,1.0,0.4790038273586136,-0.8400887780679055,0.0699245128866805,1.0,0.48949728162575995,2
S528V,-1.0,0.0,0.0,0.7028151650466306,-0.8423847902586172,0.0,0.0,0.605961975646543,1
S529V,-1.0,0.0,0.0,0.41741752796816234,-0.7833693022485895,0.0,0.0,0.4584232556214737,1
S530V,-1.0,0.0,0.0,0.527560489164365,-0.8055162910879011,0.0,0.0,0.5137907277197529,1
S531V,-1.0,0.0,0.0,0.31178370774954656,-0.7609194368536154,0.0,0.0,0.40229859213403846,1
S532V,-1.0,0.0,0.0,0.8971908122405797,-0.8988393974785218,0.0,0.0,0.7470984936963045,1
S533V,-1.0,0.0,0.0,0.33947108470327547,-0.7670212630334342,0.0,0.0,0.41755315758358563,1
S534V,-1.0,0.0,0.0,0.5957601556535447,-0.8193309521397865,0.0,0.0,0.5483273803494662,1
S535V,-1.0,0.0,0.0,0.6292754861241948,-0.8263022671137753,0.0,0.0,0.5657556677844383,1
S536V,-1.0,0.0,0.0,0.387887037430236,-0.7772882550618303,0.0,0.0,0.4432206376545759,1
S537V,-0.9875299245970528,0.0062350377014736,1.0,0.7623204454002664,-0.8677264312025565,0.07339591862115927,1.0,0.6416934565584708,2
S538V,-1.0,0.0,0.0,0.7802281053502634,-0.8613128867287629,0.0,0.0,0.6532822168219075,1
S539V,-0.9770580187265179,0.011470990636741063,0.6989700043360187,0.3954977772297251,-0.7304631145086673,0.097246692967429,0.6037701143465277,0.44716545497321314,2
S540V,-1.0,0.0,0.0,0.4327715453834834,-0.7864929834497817,0.0,0.0,0.46623245862445417,1
S541V,-0.9796240101237489,0.010187994938125555,0.6989700043360187,0.3837114612716471,-0.733337559715471,0.0921089317212061,0.6037701143465277,0.44104743100703775,2
S542V,-1.0,0.0,0.0,0.31374771905209875,-0.761359056435404,0.0,0.0,0.40339764108851,1
S543V,-0.9858659884840619,0.007067005757969036,0.6989700043360187,0.3619016444251608,-0.7425109847969225,0.07780054061620059,0.6037701143465277,0.4295812165635927,2
S544V,-0.973516982382525,0.013241508808737479,0.5228787452803376,0.38615837758421345,-0.7058037602618878,0.1038151848884825,0.511445366707578,0.4423217362465423,2
S545V,-1.0,0.0,0.0,0.7515862647557716,-0.8539830827286237,0.0,0.0,0.634957706821559,1
S546V,-0.989554088334974,0.005222955832512977,1.0,0.521101750134976,-0.8462087431885906,0.06756385184235955,1.0,0.5105555773905216,2
S547V,-0.990400327539158,0.004799836230421017,1.0,0.40640323742195317,-0.8367802855607661,0.06493792863896308,1.0,0.45278430407805936,2
S548V,-0.9843709426954123,0.007814528652293873,0.6989700043360187,0.4912597557648153,-0.752737352844094,0.0815131894397333,0.6037701143465277,0.49562954398959475,2
S549V,-1.0,0.0,0.0,0.4217794417976253,-0.7842589810358921,0.0,0.0,0.46064745258973033,1
S550V,-1.0,0.0,0.0,0.7294597475950956,-0.8486020520954216,0.0,0.0,0.621505130238554,1
S551V,-0.982138905863249,0.008930547068375483,1.0,0.5301449592738467,-0.831719069856012,0.08669659911140656,1.0,0.5150862012285414,2
S552V,-0.9686564838304456,0.01567175808477722,0.6989700043360187,0.506265881077323,-0.7299058403750656,0.11204210500646146,0.6037701143465277,0.5031330635515318,2
S553V,-1.0,0.0,0.0,0.6061323837345296,-0.8214711165864284,0.0,0.0,0.5536777914660709,1
S554V,-1.0,0.0,0.0,0.5995885314810677,-0.8201192659461815,0.0,0.0,0.5502981648654536,1
S555V,-1.0,0.0,0.0,0.6952100405184891,-0.8406552739498575,0.0,0.0,0.6016381848746437,1
S556V,-0.9764451477088835,0.011777426145558267,1.0,0.5648121306549515,-0.825847090181172,0.09842382446768899,1.0,0.5325433464155985,2
S557V,-1.0,0.0,0.0,0.446422161931294,-0.7892534945657909,0.0,0.0,0.47313373641447715,1
S558V,-1.0,0.0,0.0,0.3287132064895998,-0.7646738667854913,0.0,0.0,0.4116846669637282,1
S559V,-1.0,0.0,0.0,0.471591826332471,-0.7943137726332943,0.0,0.0,0.48578443158323564,1
S560V,-1.0,0.0,0.0,0.4012189947424626,-0.7800471676935793,0.0,0.0,0.4501179192339483,1
S561V,-0.9688842203383415,0.01555788983082923,1.0,0.35032392035261883,-0.7934977707192821,0.1116741269629321,1.0,0.4234057574516502,2
S562V,-1.0,0.0,0.0,0.4007475248186042,-0.7799500063748097,0.0,0.0,0.4498750159370244,1
S563V,-0.9779803296497593,0.01100983517512033,0.723565409056325,0.4574312374681264,-0.7410530602252859,0.09544027249697985,0.6180095632187766,0.4786769088967562,2
S564V,-0.9894875225724905,0.005256238713754746,1.0,0.44511949077477553,-0.8384300203941236,0.06776527488472513,1.0,0.4724765972782081,2
S565V,-1.0,0.0,0.0,0.9374870245600345,-0.9179075383530398,0.0,0.0,0.7947688458825996,1
S566V,-0.9791859286644989,0.01040703566775053,1.0,0.38565880085881354,-0.8120657248368213,0.0930115688123266,1.0,0.44206175002221204,2
S567V,-0.982737548655569,0.008631225672215526,1.0,0.4676114707328083,-0.8265424259154387,0.08534461323117416,1.0,0.4837887115750246,2
S568V,-0.8947046326545103,0.05264768367274486,0.42634548135992045,0.733763812888673,-0.6641525415498419,0.1907684958558315,0.4629707556935945,0.6240798755156931,2
S569V,-1.0,0.0,0.0,0.6343391011139867,-0.8273710368000964,0.0,0.0,0.5684275920002408,1
S570V,-1.0,0.0,0.0,0.5026843857424805,-0.8005368810172493,0.0,0.0,0.5013422025431232,1
S571V,-1.0,0.0,0.0,0.6699553435450449,-0.8350340729848311,0.0,0.0,0.5875851824620778,1
S572V,-0.9442930482007068,0.027853475899646596,0.4453910679124502,0.42524954364826195,-0.6697531056769102,0.14476378187523845,0.472613619044131,0.4624135659004849,2
S573V,-1.0,0.0,0.0,0.8543733145803494,-0.883114858394535,0.0,0.0,0.7077871459863373,1
S574V,-1.0,0.0,0.0,0.27104177792055495,-0.7515174590852686,0.0,0.0,0.3787936477131714,1
S575V,-1.0,0.0,0.0,0.5470074605803407,-0.8094223589270728,0.0,0.0,0.5235558973176819,1
S576V,-1.0,0.0,0.0,0.7542849639757078,-0.8546549461507658,0.0,0.0,0.6366373653769146,1
S577V,-1.0,0.0,0.0,0.4836409080336713,-0.7967273055340842,0.0,0.0,0.49181826383521043,1
S578V,-1.0,0.0,0.0,0.4327682620034371,-0.7864923177331584,0.0,0.0,0.46623079433289605,1
S579V,-1.0,0.0,0.0,0.35167922345838676,-0.7696528656619285,0.0,0.0,0.4241321641548212,1
S580V,-1.0,0.0,0.0,0.6533595439403224,-0.8314293549112617,0.0,0.0,0.5785733872781541,1
S581V,-1.0,0.0,0.0,0.7002192233887928,-0.841792360558173,0.0,0.0,0.6044809013954323,1
S582V,-1.0,0.0,0.0,0.3621993403315429,-0.7718956559486081,0.0,0.0,0.4297391398715202,1
S583V,-1.0,0.0,0.0,0.4341124183144518,-0.7867647756410608,0.0,0.0,0.46691193910265216,1
S584V,-1.0,0.0,0.0,0.7552613063340625,-0.8548989090311614,0.0,0.0,0.6372472725779034,1
S585V,-1.0,0.0,0.0,0.8145797183916653,-0.8708004092188004,0.0,0.0,0.677001023047001,1
S586V,-1.0,0.0,0.0,0.8893697927898208,-0.8957066235086544,0.0,0.0,0.7392665587716358,1
S587V,-1.0,0.0,0.0,0.5857693121011536,-0.8172819441325301,0.0,0.0,0.5432048603313253,1
S588V,-0.9855769904652286,0.00721150476738569,1.0,0.7887378642892657,-0.8670422411997363,0.07853502925753936,1.0,0.6589609204603166,2
S589V,-1.0,0.0,0.0,0.6859218484749808,-0.8385670894344627,0.0,0.0,0.5964177235861566,1
S590V,-0.9782266848846447,0.010886657557677648,1.0,0.42912590339094714,-0.8149830634672188,0.09495036698817677,1.0,0.46438313546011595,2
S591V,-0.9862918738031387,0.006854063098430674,1.0,0.5204142043234932,-0.8387664911534138,0.0767024436291748,1.0,0.5102113594159028,2
S592V,-1.0,0.0,0.0,0.6076997455287412,-0.8217957658387853,0.0,0.0,0.5544894145969632,1
S593V,-1.0,0.0,0.0,0.6453524485618609,-0.8297120810606949,0.0,0.0,0.5742802026517374,1
S594V,-0.969329222559016,0.015335388720492005,1.0,0.7809143853326856,-0.8401369894970986,0.11095047908824554,1.0,0.6537358543707043,2
S595V,-1.0,0.0,0.0,0.41970989956804716,-0.7838371053198606,0.0,0.0,0.45959276329965165,1
S596V,-0.9669723167275162,0.01651384163624192,0.6989700043360187,0.3060535089029889,-0.7069782976982375,0.11471566130506858,0.6037701143465277,0.3990757947636423,2
S597V,-0.990758639347172,0.004620680326413995,1.0,0.48610899802232255,-0.8457666862817773,0.06378715749072814,1.0,0.4930531582902746,2
S598V,-1.0,0.0,0.0,0.6508558162132216,-0.8308909339029311,0.0,0.0,0.5772273347573279,1
S599V,-0.9860366178181537,0.00698169109092317,1.0,0.4607931244684028,-0.8322660563436717,0.0773628768986036,1.0,0.4803663352393431,2
S600V,-1.0,0.0,0.0,0.4986928731575728,-0.7997385741848467,0.0,0.0,0.4993464354621169,1
S601V,-1.0,0.0,0.0,0.5844141892331081,-0.8170048864831894,0.0,0.0,0.5425122162079734,1
S602V,-0.9645295176040818,0.017735241197959106,0.723565409056325,0.4380877287670125,-0.7208405282128276,0.11845388376751048,0.6180095632187766,0.46892428703070355,2
S603V,-0.9879925304545342,0.006003734772732916,1.0,0.4892030120384966,-0.839342667504405,0.07211298455286715,1.0,0.49460087654331675,2
S604V,-1.0,0.0,0.0,0.6752445022313781,-0.8361969435877424,0.0,0.0,0.5904923589693561,1
S605V,-1.0,0.0,0.0,1.0,-1.0,0.0,0.0,1.0,1
S606V,-1.0,0.0,0.0,0.4140721913708445,-0.7826856380181277,0.0,0.0,0.4567140950453193,1
S607V,-1.0,0.0,0.0,0.34318205992196926,-0.7678246822829369,0.0,0.0,0.4195617057073422,1
S608V,-1.0,0.0,0.0,0.5747701603311497,-0.8150385817678443,0.0,0.0,0.5375964544196107,1
S609V,-1.0,0.0,0.0,0.539859110205124,-0.8079845276669261,0.0,0.0,0.5199613191673153,1
S610V,-0.9741503024870647,0.012924848756467655,0.6989700043360187,0.2730027821690256,-0.7126984684198647,0.10267981182777847,0.6037701143465277,0.37995945245860563,2
S611V,-1.0,0.0,0.0,0.6134519456463207,-0.8229902142304637,0.0,0.0,0.5574755355761591,1
S612V,-0.9807675000094157,0.009616249995292148,1.0,0.3862773431140397,-0.8147766196286448,0.08969872514183452,1.0,0.4423836337071805,2
S613V,-1.0,0.0,0.0,0.36494769660810755,-0.7724780575450542,0.0,0.0,0.4311951438626354,1
S614V,-1.0,0.0,0.0,0.6084030620867278,-0.8219415558638357,0.0,0.0,0.5548538896595893,1
S615V,-1.0,0.0,0.0,0.4443699926651762,-0.7888393521476433,0.0,0.0,0.4720983803691085,1
S616V,-1.0,0.0,0.0,0.6754417808807082,-0.8362404566472084,0.0,0.0,0.5906011416180209,1
S617V,-1.0,0.0,0.0,0.2942907008072637,-0.7569521201175531,0.0,0.0,0.39238030029388266,1
S618V,-0.9452493419264658,0.027375329036767093,1.0,0.7218143631525964,-0.807005305892723,0.14366492942020126,1.0,0.6169777005443837,2
S619V,-1.0,0.0,0.0,0.46426192855506965,-0.7928432333143216,0.0,0.0,0.4821080832858042,1
S620V,-1.0,0.0,0.0,0.44478265670047534,-0.7889226533995943,0.0,0.0,0.47230663349898594,1
S621V,-0.983815428017234,0.008092285991383008,1.0,0.4999056089645657,-0.8317825220162853,0.08284087349784612,1.0,0.4999528044818623,2
S622V,-1.0,0.0,0.0,0.3694953913314366,-0.773438722297934,0.0,0.0,0.43359680574483506,1
S623V,-1.0,0.0,0.0,1.0,-1.0,0.0,0.0,1.0,1
S624V,-0.957183399931572,0.02140830003421401,0.7557809497117844,0.352561491451192,-0.7076895682891525,0.12884970159881737,0.6375723766024876,0.4246045238616492,2
S625V,-1.0,0.0,0.0,0.9051671112708032,-0.9021879689895247,0.0,0.0,0.7554699224738116,1
S626V,-1.0,0.0,0.0,0.39923445880303354,-0.7796379992132906,0.0,0.0,0.44909499803322656,1
S627V,-1.0,0.0,0.0,0.4197571208852835,-0.7838467361339183,0.0,0.0,0.4596168403347957,1
S628V,-0.973355955944693,0.01332202202765348,1.0,0.30866883122328137,-0.7949329791128178,0.10410132353748813,1.0,0.4005497503355075,2
S629V,-1.0,0.0,0.0,0.6409753152739612,-0.8287788578054383,0.0,0.0,0.5719471445135956,1
S630V,-1.0,0.0,0.0,0.6630391270644713,-0.8335239894416806,0.0,0.0,0.5838099736042014,1
S631V,-1.0,0.0,0.0,0.69024946393782,-0.8395368466840419,0.0,0.0,0.5988421167101048,1
S632V,-1.0,0.0,0.0,0.4769754916697073,-0.7953926545549866,0.0,0.0,0.48848163638746667,1
S633V,-1.0,0.0,0.0,0.20280009459576753,-0.7341082139549421,0.0,0.0,0.33527053488735525,1
S634V,-1.0,0.0,0.0,0.4961432301156805,-0.7992286345491558,0.0,0.0,0.4980715863728896,1
S635V,-1.0,0.0,0.0,0.7197051258438654,-0.8462954619737,0.0,0.0,0.6157386549342498,1
S636V,-0.9840426108066701,0.007978694596664948,1.0,0.6137009869802035,-0.8437460584451866,0.08230109868281446,1.0,0.5576050920644473,2
S637V,-1.0,0.0,0.0,0.24809581825064542,-0.7459379561094012,0.0,0.0,0.36484489027350286,1
S638V,-1.0,0.0,0.0,0.9658215966890386,-0.9366672556062454,0.0,0.0,0.8416681390156134,1
S639V,-1.0,0.0,0.0,0.3262246838274133,-0.764126790660071,0.0,0.0,0.4103169766501775,1
S640V,-1.0,0.0,0.0,0.4859212671172427,-0.7971836950909366,0.0,0.0,0.4929592377273413,1
S641V,-1.0,0.0,0.0,0.5749063605717987,-0.8150662882272216,0.0,0.0,0.537665720568054,1
S642V,-1.0,0.0,0.0,0.37558013869292894,-0.7747184074154411,0.0,0.0,0.4367960185386028,1
S643V,-1.0,0.0,0.0,0.5179905060469487,-0.8035992665191851,0.0,0.0,0.5089981662979628,1
S644V,-1.0,0.0,0.0,0.7031498962528222,-0.8424613404540264,0.0,0.0,0.6061533511350661,1
S645V,-1.0,0.0,0.0,0.7681788776484126,-0.8581735846645729,0.0,0.0,0.6454339616614324,1
S646V,-1.0,0.0,0.0,0.8687324022970953,-0.8880352343738838,0.0,0.0,0.7200880859347094,1
S647V,-1.0,0.0,0.0,0.721624839748586,-0.8467464777149956,0.0,0.0,0.6168661942874888,1
S648V,-0.9750814481573902,0.012459275921304913,0.6989700043360187,0.3079984091487207,-0.7180921279302123,0.10098060240999651,0.6037701143465277,0.4001724019210749,2
S649V,-1.0,0.0,0.0,0.46610216921265446,-0.7932126257400283,0.0,0.0,0.48303156435007055,1
S650V,-1.0,0.0,0.0,0.6716825151742851,-0.8354130229625165,0.0,0.0,0.5885325574062913,1
S651V,-1.0,0.0,0.0,0.6779555545031061,-0.8367958091157652,0.0,0.0,0.5919895227894131,1
S652V,-1.0,0.0,0.0,0.4456285863669054,-0.7890933786820582,0.0,0.0,0.4727334467051455,1
S653V,-1.0,0.0,0.0,0.42904159330437774,-0.7857361334224467,0.0,0.0,0.46434033355611687,1
S654V,-1.0,0.0,0.0,0.7965375753891304,-0.8657093428173401,0.0,0.0,0.6642733570433503,1
S655V,-1.0,0.0,0.0,0.5792529117589,-0.8159514108817167,0.0,0.0,0.5398785272042919,1
S656V,-1.0,0.0,0.0,0.4328558162556252,-0.786510069352944,0.0,0.0,0.46627517338235996,1
S657V,-1.0,0.0,0.0,0.40345215131169154,-0.780507000437411,0.0,0.0,0.4512675010935274,1
S658V,-1.0,0.0,0.0,0.30613267617961737,-0.7596481952996048,0.0,0.0,0.3991204882490119,1
S659V,-1.0,0.0,0.0,0.3148759450547117,-0.7616110949806578,0.0,0.0,0.40402773745164444,1
S660V,-1.0,0.0,0.0,0.4511261413708817,-0.7902017675122432,0.0,0.0,0.4755044187806082,1
S661V,-1.0,0.0,0.0,0.5928624131365102,-0.8187354643455047,0.0,0.0,0.5468386608637616,1
S662V,-1.0,0.0,0.0,0.4283901442571977,-0.7856038231716266,0.0,0.0,0.4640095579290665,1
S663V,-1.0,0.0,0.0,0.5071639182631649,-0.8014328571931101,0.0,0.0,0.5035821429827751,1
S664V,-1.0,0.0,0.0,0.35373937281095347,-0.7700938115863611,0.0,0.0,0.425234528965903,1
S665V,-1.0,0.0,0.0,0.8881699374117957,-0.895238049290313,0.0,0.0,0.7380951232257826,1
S666V,-1.0,0.0,0.0,0.6579044809141336,-0.8324102286113684,0.0,0.0,0.581025571528421,1
S667V,-1.0,0.0,0.0,0.5106346128161521,-0.80212716316194,0.0,0.0,0.50531790790485,1
S668V,-1.0,0.0,0.0,0.4449125596827066,-0.7889488735081465,0.0,0.0,0.47237218377036627,1
S669V,-1.0,0.0,0.0,0.7397894980283823,-0.8510870120369367,0.0,0.0,0.6277175300923419,1
S670V,-1.0,0.0,0.0,0.4209869023249677,-0.7840974721993853,0.0,0.0,0.46024368049846326,1
S671V,-1.0,0.0,0.0,0.8468196177685047,-0.8806406014701689,0.0,0.0,0.7016015036754224,1
S672V,-1.0,0.0,0.0,0.8907062646475512,-0.896232193666128,0.0,0.0,0.7405804841653202,1
S673V,-0.9862178340885283,0.006891082955735872,1.0,0.46341884980541215,-0.8329064558765222,0.0768947222099483,1.0,0.4816848830840362,2
S674V,-1.0,0.0,0.0,0.6167610492497825,-0.8236795620974067,0.0,0.0,0.5591989052435167,1
S675V,-0.9838363654446225,0.008081817277688752,1.0,0.5443551377482154,-0.8362759979535266,0.08279130899490518,1.0,0.522221373069691,2
S676V,-1.0,0.0,0.0,0.8454980552360211,-0.8802150751647626,0.0,0.0,0.7005376879119066,1
S677V,-1.0,0.0,0.0,0.4519430415088267,-0.7903663079453156,0.0,0.0,0.475915769863289,1
S678V,-1.0,0.0,0.0,0.5625999170216371,-0.8125694344221481,0.0,0.0,0.5314235860553704,1
S679V,-1.0,0.0,0.0,0.6442018628257467,-0.8294664025126619,0.0,0.0,0.5736660062816549,1
S680V,-1.0,0.0,0.0,0.6300702309720458,-0.8264697119008064,0.0,0.0,0.5661742797520161,1
S681V,-1.0,0.0,0.0,0.3754976852238904,-0.7747011085283163,0.0,0.0,0.4367527713207907,1
S682V,-1.0,0.0,0.0,0.5518657889118537,-0.8104012133462367,0.0,0.0,0.5260030333655917,1
S683V,-0.9828805971498256,0.008559701425087218,1.0,0.6447720231788605,-0.8448407772084696,0.0850175863426582,1.0,0.5739702815317872,2
S684V,-0.9522158702093527,0.02389206489532364,0.5484550065040281,0.5669690975880448,-0.7017748320182461,0.13528534151399535,0.5242846553979982,0.533636084618149,2
S685V,-1.0,0.0,0.0,0.5729774947700276,-0.8146740695598068,0.0,0.0,0.536685173899517,1
S686V,-0.8944089636248047,0.052795518187597645,1.0,0.3012882026473537,-0.7258388307737461,0.19099708629552398,1.0,0.39637664648980625,2
S687V,-0.9833397195411486,0.008330140229425687,1.0,0.3875535430827213,-0.8195060766700524,0.08395727412589665,1.0,0.44304730680300064,2
S688V,-1.0,0.0,0.0,0.35336170275650625,-0.7700130418179927,0.0,0.0,0.42503260454498176,1
S689V,-1.0,0.0,0.0,0.4400340948674467,-0.7879633796026738,0.0,0.0,0.4699084490066846,1
S690V,-1.0,0.0,0.0,0.410748917058506,-0.7820052814931042,0.0,0.0,0.4550132037327607,1
S691V,-1.0,0.0,0.0,0.9802852983435971,-0.9503197790990335,0.0,0.0,0.8757994477475839,1
S692V,-1.0,0.0,0.0,0.6164291473979373,-0.8236103457033455,0.0,0.0,0.5590258642583635,1
S693V,-1.0,0.0,0.0,0.5487901852111853,-0.8097813771296778,0.0,0.0,0.5244534428241945,1
S694V,-0.9880916440958336,0.005954177952083195,1.0,0.5139609414525111,-0.8420435619395708,0.07183450788266109,1.0,0.5069818318056717,2
S695V,-1.0,0.0,0.0,0.5230463009121472,-0.8046117109119567,0.0,0.0,0.5115292772798917,1
S696V,-1.0,0.0,0.0,0.4678026113062751,-0.7935538327591865,0.0,0.0,0.4838845818979662,1
S697V,-1.0,0.0,0.0,0.4004874023599734,-0.7798963877911217,0.0,0.0,0.4497409694778043,1
S698V,-1.0,0.0,0.0,0.5906237252123381,-0.8182760937331945,0.0,0.0,0.5456902343329864,1
S699V,-0.9705861154143619,0.014706942292819047,1.0,0.53650539546038,-0.8146920545009793,0.10887252977733687,1.0,0.5182770871246223,2
S700V,-0.982737548655569,0.008631225672215526,1.0,0.4923932271854986,-0.8290239622988254,0.08534461323117416,1.0,0.49619639349195743,2
S701V,-0.9871444359909762,0.006427782004511884,1.0,0.48959050154503436,-0.8375013981111218,0.0744446108301077,1.0,0.49479468667582494,2
S702V,-1.0,0.0,0.0,0.27017284385222917,-0.7513103311280006,0.0,0.0,0.3782758278200015,1
S703V,-1.0,0.0,0.0,0.7465273943700015,-0.852733181505841,0.0,0.0,0.6318329537646026,1
S704V,-1.0,0.0,0.0,0.514082384666189,-0.8028170357004434,0.0,0.0,0.5070425892511083,1
S705V,-1.0,0.0,0.0,0.6001963635655103,-0.8202445969579542,0.0,0.0,0.5506114923948853,1
S706V,-1.0,0.0,0.0,0.4506595889315962,-0.7901077764887763,0.0,0.0,0.47526944122194065,1
S707V,-0.982138905863249,0.008930547068375483,1.0,0.3518018241925458,-0.8135413951611371,0.08669659911140656,1.0,0.42419782775416753,2
S708V,-1.0,0.0,0.0,0.5516764554711302,-0.8103630394352548,0.0,0.0,0.5259075985881371,1
S709V,-1.0,0.0,0.0,0.8984005816368837,-0.899336803797429,0.0,0.0,0.7483420094935724,1
S710V,-1.0,0.0,0.0,0.474942471358642,-0.7949853436911916,0.0,0.0,0.48746335922797907,1
S711V,-1.0,0.0,0.0,0.49591543721667497,-0.7991830738137945,0.0,0.0,0.4979576845344862,1
S712V,-0.9604043030604851,0.019797848469757462,0.5228787452803376,0.26340619038456536,-0.6758659480217978,0.12443425059800114,0.511445366707578,0.3742165709907581,2
S713V,-0.9845440476722455,0.00772797616387727,1.0,0.4684532147659298,-0.8300361628548113,0.08109397906123189,1.0,0.48421087838542193,2
S714V,-0.9855933756478447,0.00720331217607767,1.0,0.4526492631457556,-0.8305376206451799,0.07849361106588555,1.0,0.47627130983833127,2
S715V,-0.9763513592948182,0.0118243203525909,1.0,0.26019629481531115,-0.7936510104711133,0.09860238458815969,1.0,0.3722738463461853,2
S716V,-1.0,0.0,0.0,0.6010222665330893,-0.8204149690421406,0.0,0.0,0.5510374226053515,1
S717V,-1.0,0.0,0.0,0.451372145949237,-0.7902513220305761,0.0,0.0,0.47562830507644044,1
S718V,-0.9535418911716862,0.023229054414156902,0.723565409056325,0.3885323958017175,-0.7038223798423938,0.13360836507921225,0.6180095632187766,0.4435559415456236,2
S719V,-0.9826650643855782,0.008667467807210893,1.0,0.555399836253957,-0.8352094893198484,0.08550972879002934,1.0,0.5277854589899704,2
S720V,-1.0,0.0,0.0,0.33400045736144635,-0.7658310552079683,0.0,0.0,0.41457763801992087,1
S721V,-1.0,0.0,0.0,0.7129810657205555,-0.844726514863019,0.0,0.0,0.6118162871575475,1
S722V,-0.9543935240581738,0.022803237970913104,1.0,0.39586279919352296,-0.7818392518876462,0.13251610726927657,1.0,0.4473541492644716,2
S723V,-1.0,0.0,0.0,0.760655371288137,-0.8562555353050789,0.0,0.0,0.6406388382626974,1
S724V,-1.0,0.0,0.0,0.5378799747881351,-0.8075868970049382,0.0,0.0,0.5189672425123457,1
S725V,-1.0,0.0,0.0,0.3640643308219472,-0.7722910174821851,0.0,0.0,0.4307275437054628,1
S726V,-1.0,0.0,0.0,0.2335787743112695,-0.7422772964605838,0.0,0.0,0.35569324115145956,1
S727V,-1.0,0.0,0.0,0.9127746993341348,-0.905546716204176,0.0,0.0,0.7638667905104402,1
S728V,-0.9873959798734537,0.0063020100632731335,1.0,0.38887405157237676,-0.8278390040909541,0.07376235414931577,1.0,0.44373339156619823,2
S729V,-0.8876392899006232,0.05618035504968838,0.5228787452803376,0.32846565221977886,-0.6271465154707025,0.19612619778545015,0.511445366707578,0.4115487880681109,2
S730V,-1.0,0.0,0.0,0.6634450890479475,-0.8336123087377828,0.0,0.0,0.584030771844457,1
S731V,-0.9698138383688868,0.015093080815556603,1.0,0.7665575042179518,-0.8388986283762648,0.1101553394974355,1.0,0.6443940015469447,2
S732V,-1.0,0.0,0.0,0.627669539108364,-0.8259642448196198,0.0,0.0,0.5649106120490495,1
S733V,-1.0,0.0,0.0,0.5592220363811977,-0.8118862425405162,0.0,0.0,0.5297156063512904,1
S734V,-1.0,0.0,0.0,0.22652055113424818,-0.7404560236434802,0.0,0.0,0.35114005910870044,1
S735V,-1.0,0.0,0.0,0.5168801490850795,-0.803376992329632,0.0,0.0,0.50844248082408,1
S736V,-0.9765381446223094,0.011730927688845316,1.0,0.5992439527368464,-0.8295038558525192,0.09824636242031812,1.0,0.5501205926366203,2
S737V,-1.0,0.0,0.0,0.9441385421983095,-0.9217394951595148,0.0,0.0,0.8043487378987871,1
S738V,-1.0,0.0,0.0,0.6042337016503556,-0.8210782925893767,0.0,0.0,0.5526957314734418,1
S739V,-1.0,0.0,0.0,0.41299340603642387,-0.7824649176556767,0.0,0.0,0.45616229413919185,1
S740V,-1.0,0.0,0.0,0.44955868306646085,-0.7898859373263968,0.0,0.0,0.47471484331599195,1
S741V,-0.9725399270225092,0.013730036488745379,0.6989700043360187,0.6019416310512344,-0.7447400696769395,0.10553603880169361,0.6037701143465277,0.5515118130088827,2
S742V,-1.0,0.0,0.0,0.5393973253416111,-0.8078917332879356,0.0,0.0,0.519729333219839,1
S743V,-1.0,0.0,0.0,0.4638836964663494,-0.7927672927030138,0.0,0.0,0.48191823175753457,1
S744V,-0.9857390795583119,0.00713046022084407,1.0,0.5025268722059255,-0.8358331626191078,0.07812412014885811,1.0,0.5012634441702103,2
S745V,-0.9861579868419512,0.006921006579024391,1.0,0.3074744188945163,-0.8164202043407482,0.07704971581292837,1.0,0.3998772380997692,2
S746V,-0.9857069724268567,0.007146513786571662,1.0,0.41481578385978657,-0.8269337013158833,0.07820572424159397,1.0,0.45709426025648664,2
S747V,-1.0,0.0,0.0,0.6651720690094023,-0.8339884604254929,0.0,0.0,0.5849711510637323,1
S748V,-0.9686564838304456,0.01567175808477722,1.0,0.6162695854925737,-0.8203137427542232,0.11204210500646146,1.0,0.5589426897938481,2
S749V,-1.0,0.0,0.0,0.40311210057237845,-0.7804370201877461,0.0,0.0,0.45109255046936514,1
S750V,-1.0,0.0,0.0,0.3280809739711893,-0.7645350267003147,0.0,0.0,0.4113375667507867,1
S751V,-0.9696541323396045,0.015172933830197743,1.0,0.5264140962349859,-0.8124547873506756,0.11041820450581026,1.0,0.5132162756147615,2
S752V,-1.0,0.0,0.0,0.7247258152945821,-0.8474780037185242,0.0,0.0,0.6186950092963106,1
S753V,-0.980947410917947,0.009526294541026492,1.0,0.6493204305482296,-0.8418897641290073,0.08931206114214116,1.0,0.5764035311741035,2
S754V,-1.0,0.0,0.0,0.6231685687597566,-0.8250192071869515,0.0,0.0,0.5625480179673789,1
S755V,-1.0,0.0,0.0,0.7525057588969403,-0.8542115937335073,0.0,0.0,0.6355289843337685,1
S756V,-1.0,0.0,0.0,0.885263440557692,-0.894115469665669,0.0,0.0,0.7352886741641728,1
S757V,-1.0,0.0,0.0,0.7703145644750642,-0.8587237893916191,0.0,0.0,0.6468094734790479,1
S758V,-0.9663334065244914,0.0168332967377543,1.0,0.6577073353828881,-0.821807389278352,0.1157087816731763,1.0,0.5809189647448262,2
S759V,-1.0,0.0,0.0,0.44232264171068003,-0.7884258960817244,0.0,0.0,0.4710647402043111,1
S760V,-0.9663334065244914,0.0168332967377543,0.723565409056325,0.47186638094566447,-0.7264099167583127,0.1157087816731763,0.6180095632187766,0.4859220389258536,2
S761V,-1.0,0.0,0.0,0.5943239781319827,-0.8190356906394729,0.0,0.0,0.5475892265986823,1
S762V,-1.0,0.0,0.0,0.9593757432607832,-0.931736101888452,0.0,0.0,0.8293402547211302,1
S763V,-1.0,0.0,0.0,0.4750767715057709,-0.7950122541495279,0.0,0.0,0.48753063537381985,1
S764V,-0.9861579868419512,0.006921006579024391,1.0,0.560535262359212,-0.8425206302992965,0.07704971581292837,1.0,0.5303793678925107,2
S765V,-0.9759680798219702,0.012015960089014899,1.0,0.5377494842170825,-0.8223990466563679,0.09932784444166638,1.0,0.518901715992482,2
S766V,-0.9671637097270834,0.016418145136458284,0.6989700043360187,0.2959930479681685,-0.7060714976311051,0.11441595144663488,0.6037701143465277,0.39335622477892224,2
S767V,-0.9671637097270834,0.016418145136458284,0.6989700043360187,0.4745361317524186,-0.7248522126068309,0.11441595144663488,0.6037701143465277,0.4872597996575512,2
S768V,-1.0,0.0,0.0,0.9528580120249956,-0.9272175816357833,0.0,0.0,0.8180439540894582,1
S769V,-0.9803014398799101,0.00984928006004493,1.0,0.3516781077309593,-0.8103332439576991,0.09069078893327635,1.0,0.4241315665477498,2
S770V,-1.0,0.0,0.0,0.5870701709737585,-0.8175480942262332,0.0,0.0,0.5438702355655831,1
S771V,-0.9708833189198461,0.01455834054007693,1.0,0.4994271246817895,-0.8113749774676726,0.10837357701062535,1.0,0.49971356224688984,2
S772V,-1.0,0.0,0.0,0.4506587613645968,-0.7901076097566467,0.0,0.0,0.47526902439161695,1
S773V,-0.9492012783258355,0.025399360837082274,1.0,0.6672832424233823,-0.8044993972985104,0.1389962520657566,1.0,0.5861231677509446,2
S774V,-0.9775538805963703,0.011223059701814864,0.6989700043360187,0.21158513100669574,-0.7100510337967241,0.09628085827391955,0.6037701143465277,0.3412568001938528,2
S775V,-0.9793635539330368,0.010318223033481622,1.0,0.5724465030225503,-0.8312275561945162,0.09264692009888122,1.0,0.5364153913339241,2
S776V,-1.0,0.0,0.0,0.5646480966731391,-0.8129841135441082,0.0,0.0,0.5324602838602704,1
S777V,-0.9705861154143619,0.014706942292819047,1.0,0.19304797263451756,-0.7767284503570508,0.10887252977733687,1.0,0.32845906640497996,2
S778V,-1.0,0.0,0.0,0.7177424188325405,-0.8458357793276593,0.0,0.0,0.6145894483191482,1
S779V,-1.0,0.0,0.0,0.7857680429519449,-0.8627862602928265,0.0,0.0,0.6569656507320664,1
S780V,-1.0,0.0,0.0,0.3812004262957235,-0.7758949404844656,0.0,0.0,0.43973735121116414,1
S781V,-1.0,0.0,0.0,0.3649013682960509,-0.7724682517627788,0.0,0.0,0.431170629406947,1
S782V,-0.975721705542143,0.012139147228928504,1.0,0.2707339515318635,-0.7939724403246001,0.0997906230296317,1.0,0.37861029406909097,2
S783V,-0.978441496282378,0.010779251858811012,1.0,0.39437064049088066,-0.8117657542469692,0.09452056175175201,1.0,0.4465825086199434,2
S784V,-1.0,0.0,0.0,0.4970949315773756,-0.7994189814119723,0.0,0.0,0.4985474535299309,1
S785V,-1.0,0.0,0.0,0.6575544215816769,-0.8323345165681953,0.0,0.0,0.5808362914204883,1
S786V,-1.0,0.0,0.0,0.8992691818131702,-0.8996961696441548,0.0,0.0,0.749240424110387,1
S787V,-1.0,0.0,0.0,0.5640986638906509,-0.8128728417435813,0.0,0.0,0.5321821043589534,1
S788V,-1.0,0.0,0.0,0.6529651119341894,-0.8313444437306007,0.0,0.0,0.5783611093265018,1
S789V,-1.0,0.0,0.0,0.29941007267856135,-0.7581231732302492,0.0,0.0,0.39530793307562306,1
S790V,-1.0,0.0,0.0,0.3985151797633195,-0.7794895740126973,0.0,0.0,0.4487239350317432,1
S791V,-1.0,0.0,0.0,0.6032262794823982,-0.8208700618197337,0.0,0.0,0.5521751545493341,1
S792V,-1.0,0.0,0.0,0.6690991443899166,-0.834846495970162,0.0,0.0,0.5871162399254052,1
S793V,-1.0,0.0,0.0,0.22046982695686057,-0.7388713461887723,0.0,0.0,0.3471783654719307,1
S794V,-1.0,0.0,0.0,0.6018650557417173,-0.8205889158951002,0.0,0.0,0.5514722897377504,1
S795V,-1.0,0.0,0.0,0.37608479711792553,-0.7748242610991033,0.0,0.0,0.43706065274775835,1
S796V,-1.0,0.0,0.0,0.9841767342363181,-0.9549882873137091,0.0,0.0,0.8874707182842727,1
S797V,-0.9808579063591728,0.009571046820413598,1.0,0.6448540284105476,-0.8412578455362958,0.08950468567148635,1.0,0.5740140583590249,2
S798V,-1.0,0.0,0.0,0.6466614216605117,-0.8299919045924378,0.0,0.0,0.5749797614810944,1
S799V,-1.0,0.0,0.0,0.6851174853752765,-0.838387438480209,0.0,0.0,0.5959685962005226,1
S800V,-1.0,0.0,0.0,0.4416480752178574,-0.788289605069114,0.0,0.0,0.4707240126727851,1
S801V,-1.0,0.0,0.0,0.6643045481421648,-0.8337994177324153,0.0,0.0,0.5844985443310383,1
S802V,-0.9736858075350077,0.013157096232496168,0.6989700043360187,0.4923085504207758,-0.7352743908061782,0.10351409297984214,0.6037701143465277,0.4961540476765537,2
S803V,-0.992018733007412,0.003990633496294027,1.0,0.4327523609203746,-0.8438565243574278,0.05952977756506689,1.0,0.4662227343026633,2
S804V,-1.0,0.0,0.0,0.623477127488284,-0.8250838853458323,0.0,0.0,0.5627097133645808,1
S805V,-1.0,0.0,0.0,0.7167664473529196,-0.8456077311218039,0.0,0.0,0.6140193278045097,1
S806V,-1.0,0.0,0.0,0.5474683191564657,-0.809515152293927,0.0,0.0,0.5237878807348174,1
S807V,-1.0,0.0,0.0,0.459539627217594,-0.7918946348291825,0.0,0.0,0.47973658707295636,1
S808V,-1.0,0.0,0.0,0.5042020597313672,-0.8008404267862084,0.0,0.0,0.502101066965521,1
S809V,-1.0,0.0,0.0,0.530729356567361,-0.806151685805281,0.0,0.0,0.5153792145132023,1
S810V,-0.9698534839101872,0.01507325804490639,1.0,0.5245273769716976,-0.8125258543533639,0.11008995887571224,1.0,0.5122710751155986,2
S811V,-0.9861429385370921,0.006928530731453941,1.0,0.7391793968856692,-0.8618829290961209,0.07708862839509315,1.0,0.627347417477095,2
S812V,-1.0,0.0,0.0,0.323931382821245,-0.7636212165391676,0.0,0.0,0.4090530413479189,1
S813V,-0.977637791722881,0.011181104138559494,1.0,0.47180325647661503,-0.8183549801745758,0.09611619560691367,1.0,0.4858904013793007,2
S814V,-0.9813535714147611,0.009323214292619453,1.0,0.32918641743913957,-0.809702328614835,0.08843134366220115,1.0,0.41194429771614,2
S815V,-0.9598512183335537,0.020074390833223155,0.6989700043360187,0.4907124737975348,-0.7179492276357804,0.12520733371956663,0.6037701143465277,0.4953558362672674,2
S816V,-1.0,0.0,0.0,0.7018218068260536,-0.8421578336327457,0.0,0.0,0.6053945840818641,1
S817V,-1.0,0.0,0.0,0.6996713882501299,-0.8416676151389771,0.0,0.0,0.6041690378474429,1
S818V,-1.0,0.0,0.0,0.7688692945981372,-0.8583511690055621,0.0,0.0,0.6458779225139052,1
S819V,-1.0,0.0,0.0,0.583460171524397,-0.8168099528928568,0.0,0.0,0.5420248822321421,1
S820V,-1.0,0.0,0.0,0.4008964461611485,-0.7799806993881191,0.0,0.0,0.4499517484702979,1
S821V,-1.0,0.0,0.0,0.2416884693058795,-0.7443357981178245,0.0,0.0,0.36083949529456105,1
S822V,-1.0,0.0,0.0,0.17707447583922142,-0.726751977515138,0.0,0.0,0.3168799437878449,1
S823V,-1.0,0.0,0.0,0.7544829299915559,-0.8547043740498459,0.0,0.0,0.6367609351246147,1
S824V,-1.0,0.0,0.0,0.37280883375046725,-0.7741363581055885,0.0,0.0,0.43534089526397113,1
S825V,-1.0,0.0,0.0,0.7373648932983158,-0.8504996338674506,0.0,0.0,0.6262490846686265,1
S826V,-0.8268044381058735,0.08659778094706327,1.0,0.3810160905365866,-0.6995396889056615,0.23542079935306556,1.0,0.43964108112753597,2
S827V,-0.98123942083023,0.009380289584885015,1.0,0.29582219393617315,-0.805766257924944,0.08867997349598813,1.0,0.3932583861791392,2
S828V,-1.0,0.0,0.0,0.4415811238883106,-0.7882760762919813,0.0,0.0,0.4706901907299532,1
S829V,-0.9630337612114027,0.01848311939429864,0.5484550065040281,0.40771852149582277,-0.6972540421605034,0.12066788057553558,0.5242846553979982,0.45345949393074764,2
S830V,-1.0,0.0,0.0,0.681480877383688,-0.837577492094838,0.0,0.0,0.5939437302370951,1
S831V,-1.0,0.0,0.0,0.37401415949347805,-0.7743896682043313,0.0,0.0,0.4359741705108284,1
S832V,-1.0,0.0,0.0,0.5415558846959538,-0.8083255792259147,0.0,0.0,0.520813948064787,1
S833V,-1.0,0.0,0.0,0.6557800014062991,-0.8319511611491153,0.0,0.0,0.5798779028727883,1
S834V,-1.0,0.0,0.0,0.30864604210311974,-0.7602147715815594,0.0,0.0,0.4005369289538985,1
S835V,-1.0,0.0,0.0,0.5320995966193163,-0.8064265479738412,0.0,0.0,0.5160663699346029,1
S836V,-1.0,0.0,0.0,0.3833563533723038,-0.7763449235388397,0.0,0.0,0.44086230884709915,1
S837V,-1.0,0.0,0.0,0.6873604066787498,-0.8388888467744892,0.0,0.0,0.597222116936223,1
S838V,-0.9739492612409154,0.013025369379542295,1.0,0.6802091682283832,-0.8343122835966112,0.10304196964611612,1.0,0.5932378045870964,2
S839V,-0.9863941199188704,0.006802940040564809,1.0,0.567791126139257,-0.8437492735716728,0.07643594363272531,1.0,0.5340527831703593,2
S840V,-1.0,0.0,0.0,0.15550487410567804,-0.7201064479014454,0.0,0.0,0.30026611975361356,1
S841V,-1.0,0.0,0.0,0.31453087826855275,-0.7615340477507269,0.0,0.0,0.4038351193768173,1
S842V,-1.0,0.0,0.0,0.39493619989679696,-0.7787500262032028,0.0,0.0,0.4468750655080068,1
S843V,-1.0,0.0,0.0,0.5914147484720015,-0.8184383421800656,0.0,0.0,0.546095855450164,1
S844V,-0.942381986314163,0.028809006842918483,0.7557809497117844,0.39249104175595395,-0.6976882433283653,0.14692596270645233,0.6375723766024876,0.44560942594767694,2
S845V,-0.9806761778406373,0.00966191107968134,1.0,0.28718948102125585,-0.8038001538983761,0.08989419757209108,1.0,0.38828266525838795,2
S846V,-1.0,0.0,0.0,0.5392461455241537,-0.8078613563450332,0.0,0.0,0.519653390862583,1
S847V,-1.0,0.0,0.0,0.6700748830837484,-0.8350602763902641,0.0,0.0,0.5876506909756604,1
S848V,-1.0,0.0,0.0,0.898448694429864,-0.8993566603091824,0.0,0.0,0.748391650772956,1
S849V,-1.0,0.0,0.0,0.8807138559691077,-0.8923922695463613,0.0,0.0,0.7309806738659034,1
S850V,-1.0,0.0,0.0,0.46274315006997135,-0.792538258155667,0.0,0.0,0.4813456453891676,1
S851V,-1.0,0.0,0.0,0.4925577920828158,-0.7985114759679215,0.0,0.0,0.4962786899198039,1
S852V,-1.0,0.0,0.0,0.676275953758366,-0.836424560107499,0.0,0.0,0.5910614002687474,1
S853V,-0.9769024190093446,0.011548790495327699,1.0,0.7052326387959476,-0.8415057887354933,0.09754726521705823,1.0,0.6073461951924805,2
S854V,-0.9817687665467097,0.009115616726645126,1.0,0.43992462308439406,-0.8220136722321044,0.08751955530498948,1.0,0.4698531143662725,2
S855V,-1.0,0.0,0.0,0.6764851998878858,-0.8364707698476921,0.0,0.0,0.5911769246192303,1
S856V,-1.0,0.0,0.0,0.4456112429495658,-0.789089878919374,0.0,0.0,0.4727246972984349,1
S857V,-1.0,0.0,0.0,0.49048619211862754,-0.7980970661687576,0.0,0.0,0.495242665421894,1
S858V,-1.0,0.0,0.0,0.444685113520902,-0.7889029641657717,0.0,0.0,0.4722574104144291,1
S859V,-1.0,0.0,0.0,0.5274020783651274,-0.8054845369655776,0.0,0.0,0.5137113424139442,1
S860V,-1.0,0.0,0.0,0.6613021323401826,-0.8331465338495517,0.0,0.0,0.5828663346238793,1
S861V,-1.0,0.0,0.0,0.5014818909627445,-0.8002963788433985,0.0,0.0,0.5007409471084963,1
S862V,-1.0,0.0,0.0,0.30748205164110987,-0.7599526156445087,0.0,0.0,0.3998815391112718,1
S863V,-0.9767672407163,0.011616379641850028,1.0,0.2402091539580401,-0.7918107672797268,0.09780743556335024,1.0,0.3599072825459061,2
S864V,-1.0,0.0,0.0,0.5324320826590323,-0.8064932535946503,0.0,0.0,0.5162331339866257,1
S865V,-1.0,0.0,0.0,0.9330273661994719,-0.9154778753315819,0.0,0.0,0.7886946883289546,1
S866V,-1.0,0.0,0.0,0.49914511920169,-0.7998290237153848,0.0,0.0,0.49957255928846206,1
S867V,-0.9718063669926333,0.01409681650368333,1.0,0.5719504373235622,-0.8199095382783639,0.10680457995470019,1.0,0.5361634111181403,2
S868V,-1.0,0.0,0.0,0.571465288448676,-0.8143668117540898,0.0,0.0,0.5359170293852245,1
S869V,-1.0,0.0,0.0,0.4516285794173428,-0.7903029734982535,0.0,0.0,0.47575743374563373,1
S870V,-0.9713882472258359,0.014305876387082028,1.0,0.4873319562619103,-0.8108430610988822,0.10751898078668086,1.0,0.4936649613249769,2
S871V,-0.9621210533285094,0.018939473335745305,1.0,0.19238323812627367,-0.766257063098694,0.12199278172157517,1.0,0.3279880136031988,2
S872V,-1.0,0.0,0.0,0.6498051205683582,-0.8306653820670353,0.0,0.0,0.5766634551675884,1
S873V,-0.9515125930755278,0.024243703462236088,1.0,0.3782190235408518,-0.77713622196455,0.1361634037867038,1.0,0.43817864729910966,2
S874V,-1.0,0.0,0.0,0.48254903241656566,-0.7965087429449287,0.0,0.0,0.49127185736232165,1
S875V,-0.9874450395224169,0.006277480238791544,1.0,0.5439460398056375,-0.843603436912284,0.07362839692839386,1.0,0.5220156200976414,2
S876V,-0.9893688390887652,0.005315580455617419,1.0,0.5277121833840439,-0.8464190345758743,0.06812263720150195,1.0,0.5138667490622454,2
S877V,-1.0,0.0,0.0,0.4346361461633088,-0.7868708942784758,0.0,0.0,0.4671772356961896,1
S878V,-0.8801070532804832,0.05994647335975839,0.6989700043360187,0.6142966542723836,-0.6705852125856007,0.20161316777532304,0.6037701143465277,0.5579150644543208,2
S879V,-1.0,0.0,0.0,0.7035799362306843,-0.8425597410628488,0.0,0.0,0.6063993526571221,1
S880V,-1.0,0.0,0.0,0.270230027224018,-0.7513239714024056,0.0,0.0,0.37830992850601414,1
S881V,-0.9836672322510666,0.00816638387446672,1.0,0.36547933317913706,-0.8178066653533262,0.08319064994548933,1.0,0.43147638689427703,2
S882V,-1.0,0.0,0.0,0.6517115040571936,-0.8310747965566141,0.0,0.0,0.5776869913915353,1
S883V,-1.0,0.0,0.0,0.5209501344108134,-0.8041918675351438,0.0,0.0,0.5104796688378597,1
S884V,-1.0,0.0,0.0,0.5318651820234808,-0.8063795206958839,0.0,0.0,0.5159488017397098,1
S885V,-1.0,0.0,0.0,0.54417127912681,-0.808851559949034,0.0,0.0,0.522128899872585,1
S886V,-1.0,0.0,0.0,0.7679986794584854,-0.8581272796376087,0.0,0.0,0.6453181990940219,1
S887V,-1.0,0.0,0.0,0.4922002526232898,-0.7984399556119308,0.0,0.0,0.4960998890298271,1
S888V,-1.0,0.0,0.0,0.48200081860888044,-0.7963989967246385,0.0,0.0,0.4909974918115963,1
S889V,-1.0,0.0,0.0,0.30578379786705945,-0.7595693979417687,0.0,0.0,0.39892349485442175,1
S890V,-0.9883684582104578,0.0058157708947710884,1.0,0.5149143387298745,-0.8427723588681967,0.07104976700061896,1.0,0.5074588288573948,2
S891V,-1.0,0.0,0.0,0.49889783021588263,-0.7997795657753974,0.0,0.0,0.49944891443849376,1
S892V,-1.0,0.0,0.0,0.31525623301245065,-0.7616959673263504,0.0,0.0,0.404239918315876,1
S893V,-1.0,0.0,0.0,0.6179041502111878,-0.8239180798571064,0.0,0.0,0.5597951996427661,1
S894V,-1.0,0.0,0.0,0.7917237880217598,-0.8643928281506277,0.0,0.0,0.6609820703765694,1
S895V,-0.9651894479559685,0.017405276022015748,0.6989700043360187,0.3941128636555057,-0.7142834167455269,0.11745943796937608,0.6037701143465277,0.4464491276070266,2
S896V,-1.0,0.0,0.0,0.6257406857752278,-0.8255588403871755,0.0,0.0,0.5638971009679389,1
S897V,-1.0,0.0,0.0,0.5202739390418272,-0.8040564558298626,0.0,0.0,0.5101411395746565,1
S898V,-1.0,0.0,0.0,0.24192587527527531,-0.744395534088087,0.0,0.0,0.3609888352202176,1
S899V,-1.0,0.0,0.0,0.44295193862891846,-0.7885530116781578,0.0,0.0,0.4713825291953946,1
S900V,-1.0,0.0,0.0,0.18664826229477904,-0.729554506661192,0.0,0.0,0.3238862666529801,1
S901V,-1.0,0.0,0.0,0.6148088778629177,-0.8232726883601298,0.0,0.0,0.5581817209003246,1
S902V,-1.0,0.0,0.0,0.5428711860825821,-0.8085900543334361,0.0,0.0,0.5214751358335904,1
S903V,-1.0,0.0,0.0,0.49539825312544905,-0.7990796311348776,0.0,0.0,0.49769907783719397,1
S904V,-0.9854778403502789,0.007261079824860572,1.0,0.35506475754226086,-0.8202375318862003,0.07878509071491498,1.0,0.42594258383908146,2
S905V,-0.9829041934123194,0.008547903293840309,1.0,0.5245469161799523,-0.832546241700498,0.08496349209456985,1.0,0.512280862401218,2
S906V,-1.0,0.0,0.0,0.4493831441020578,-0.7898505583135467,0.0,0.0,0.4746263957838667,1
S907V,-1.0,0.0,0.0,0.5474130713237266,-0.8095040275581211,0.0,0.0,0.5237600688953029,1
S908V,-1.0,0.0,0.0,0.6720403504752834,-0.8354916281060099,0.0,0.0,0.5887290702650245,1
S909V,-1.0,0.0,0.0,0.4557060156785737,-0.7911237540205179,0.0,0.0,0.47780938505129494,1
S910V,-1.0,0.0,0.0,0.4248779929804557,-0.7848898404693654,0.0,0.0,0.46222460117341363,1
S911V,-1.0,0.0,0.0,0.5351906464941456,-0.8070468668429167,0.0,0.0,0.5176171671072919,1
S912V,-1.0,0.0,0.0,0.4391684156911162,-0.7877883255906426,0.0,0.0,0.46947081397660656,1
S913V,-1.0,0.0,0.0,0.45027251937594703,-0.7900297880426861,0.0,0.0,0.4750744701067153,1
S914V,-1.0,0.0,0.0,0.6288761688958455,-0.8262181765192302,0.0,0.0,0.5655454412980756,1
S915V,-0.9705107957130592,0.014744602143470398,1.0,0.5452865149466317,-0.8154747372430919,0.10899850705632014,1.0,0.5226898872754716,2
S916V,-1.0,0.0,0.0,0.46552681004769525,-0.7930971488834611,0.0,0.0,0.48274287220865275,1
S917V,-1.0,0.0,0.0,0.9554991848352417,-0.9289991431816724,0.0,0.0,0.822497857954181,1
S918V,-0.9761133567357867,0.011943321632106652,1.0,0.29240415629360406,-0.797096141381539,0.09905366681034879,1.0,0.3912959349484791,2
S919V,-1.0,0.0,0.0,0.3510978733807233,-0.7695282772813266,0.0,0.0,0.4238206932033165,1
S920V,-1.0,0.0,0.0,0.7044743549434406,-0.8427645953425775,0.0,0.0,0.6069114883564439,1
S921V,-1.0,0.0,0.0,0.6108975470220164,-0.8224592017473646,0.0,0.0,0.5561480043684116,1
S922V,-1.0,0.0,0.0,0.47043115815621506,-0.7940810520654,0.0,0.0,0.4852026301635001,1
S923V,-1.0,0.0,0.0,0.6039088332386264,-0.8210111285232509,0.0,0.0,0.5525278213081272,1
S924V,-1.0,0.0,0.0,0.4158735206691525,-0.7830539111591892,0.0,0.0,0.45763477789797297,1
S925V,-1.0,0.0,0.0,0.39121931923352327,-0.7779801390780904,0.0,0.0,0.44495034769522596,1
S926V,-1.0,0.0,0.0,0.5947419655191464,-0.8191215982426653,0.0,0.0,0.5478039956066632,1
S927V,-1.0,0.0,0.0,0.5277775560600855,-0.8055598044312648,0.0,0.0,0.5138995110781622,1
S928V,-1.0,0.0,0.0,0.5589532603526837,-0.8118319176654356,0.0,0.0,0.5295797941635891,1
S929V,-1.0,0.0,0.0,0.35135959453322674,-0.7695843751023185,0.0,0.0,0.42396093775579624,1
S930V,-1.0,0.0,0.0,0.8385769185727576,-0.8780202392560446,0.0,0.0,0.6950505981401115,1
S931V,-1.0,0.0,0.0,0.7468345439878996,-0.8528087216474616,0.0,0.0,0.6320218041186538,1
S932V,-1.0,0.0,0.0,0.6746971696443351,-0.8360762735907593,0.0,0.0,0.5901906839768982,1
S933V,-0.9852234964366877,0.007388251781656141,1.0,0.46695852300455587,-0.8312291929578851,0.07942215332202877,1.0,0.48346118567464236,2
S934V,-1.0,0.0,0.0,0.41100739911677364,-0.782058243280264,0.0,0.0,0.4551456082006599,1
S935V,-1.0,0.0,0.0,0.5129117074833554,-0.8025827721480793,0.0,0.0,0.5064569303701982,1
S936V,-0.9745701299468141,0.012714935026592933,1.0,0.40011215326398775,-0.8064675265877762,0.10191818722865173,1.0,0.4495475578081802,2
S937V,-0.9589973544730201,0.020501322763489926,0.7826779887263511,0.5711111026809643,-0.7353215320265353,0.12638844847508818,0.6549050328427901,0.5357371899673778,2
S938V,-1.0,0.0,0.0,0.5166278166406906,-0.8033264833029288,0.0,0.0,0.5083162082573218,1
S939V,-1.0,0.0,0.0,0.9323783078688873,-0.9151326966997729,0.0,0.0,0.7878317417494323,1
S940V,-0.9799770897750084,0.010011455112495793,1.0,0.4678938956481925,-0.8217477321550831,0.09137324302205657,1.0,0.48393036610423096,2
S941V,-1.0,0.0,0.0,0.516996436871136,-0.803400269924268,0.0,0.0,0.5085006748106701,1
S942V,-1.0,0.0,0.0,0.4529374543108491,-0.7905665503891577,0.0,0.0,0.4764163759728941,1
S943V,-1.0,0.0,0.0,0.4527595908307972,-0.7905307386584892,0.0,0.0,0.47632684664622293,1
S944V,-1.0,0.0,0.0,0.6495136417467333,-0.8306028517963903,0.0,0.0,0.5765071294909756,1
S945V,-1.0,0.0,0.0,0.5812197674685584,-0.8163525466711372,0.0,0.0,0.5408813666778429,1
S946V,-1.0,0.0,0.0,0.3457435483482818,-0.7683774378734988,0.0,0.0,0.42094359468374704,1
S947V,-0.8549687024499777,0.07251564877501115,0.36383832704045005,0.37038566180610266,-0.5979043084428337,0.2185157726246234,0.43060785306708205,0.43406588409773184,2
S948V,-1.0,0.0,0.0,0.45322414808260647,-0.7906242706236095,0.0,0.0,0.47656067655902384,1
S949V,-1.0,0.0,0.0,0.6225184390016714,-0.8248829820978797,0.0,0.0,0.5622074552446993,1
S950V,-1.0,0.0,0.0,0.4530619465550455,-0.7905916150666866,0.0,0.0,0.4764790376667165,1
S951V,-0.9817822674597587,0.009108866270120641,1.0,0.42923080648877154,-0.8209542160941978,0.0874897073082471,1.0,0.4644363896850401,2
S952V,-1.0,0.0,0.0,0.3822410487859199,-0.77611222837672,0.0,0.0,0.4402805709418001,1
S953V,-1.0,0.0,0.0,0.42228306565330187,-0.7843615808031195,0.0,0.0,0.46090395200779855,1
S954V,-0.9816050751166873,0.009197462441656368,0.6989700043360187,0.46995065932186053,-0.7455006136384175,0.08788044052107002,0.6037701143465277,0.4849617383854662,2
S955V,-1.0,0.0,0.0,0.5781933633514502,-0.8157354781151049,0.0,0.0,0.5393386952877625,1
S956V,-1.0,0.0,0.0,0.2706439109557873,-0.7514226576428618,0.0,0.0,0.3785566441071544,1
S957V,-0.9368026670268848,0.031598666486557625,0.723565409056325,0.2721248221164315,-0.6757813256424083,0.15299960243718277,0.6180095632187766,0.37943798919363037,2
S958V,-0.9739492612409154,0.013025369379542295,1.0,0.39573139787837563,-0.8051219682590619,0.10304196964611612,1.0,0.44728622789935013,2
S959V,-1.0,0.0,0.0,0.9183057354861645,-0.9081035332438544,0.0,0.0,0.770258833109636,1
S960V,-1.0,0.0,0.0,0.5290498928514289,-0.8058148898823366,0.0,0.0,0.5145372247058416,1
S961V,-0.9824186916504918,0.008790654174754109,1.0,0.41439449646334925,-0.8205809742510215,0.08606801377977928,1.0,0.4568788933768008,2
S962V,-1.0,0.0,0.0,0.38189249885238863,-0.7760394679993043,0.0,0.0,0.44009866999826075,1
S963V,-0.9748688590447986,0.012565570477600707,0.6989700043360187,0.3411409128464298,-0.7214381197428017,0.1013717700588716,0.6037701143465277,0.4184579126972758,2
S964V,-0.9586416387829535,0.02067918060852325,0.6989700043360187,0.5969133951288365,-0.7273469101891652,0.12687615746072034,0.6037701143465277,0.5489205680997974,2
S965V,-1.0,0.0,0.0,0.5264729959827008,-0.8052983149649817,0.0,0.0,0.5132457874124543,1
S966V,-1.0,0.0,0.0,0.5157607320415034,-0.8031529297928294,0.0,0.0,0.5078823244820735,1
S967V,-1.0,0.0,0.0,0.8428280393279673,-0.8793617574246697,0.0,0.0,0.6984043935616745,1
S968V,-1.0,0.0,0.0,0.6322518195113891,-0.8269299227125573,0.0,0.0,0.5673248067813931,1
S969V,-1.0,0.0,0.0,0.48066418443558356,-0.7961313899741614,0.0,0.0,0.4903284749354037,1
S970V,-1.0,0.0,0.0,0.6004697394462587,-0.82030098076748,0.0,0.0,0.5507524519187,1
S971V,-1.0,0.0,0.0,0.2419255711869066,-0.7443954575921864,0.0,0.0,0.36098864398046593,1
S972V,-1.0,0.0,0.0,0.3978093106741638,-0.7793438502960404,0.0,0.0,0.44835962574010085,1
S973V,-1.0,0.0,0.0,0.5125690601916204,-0.8025142092990822,0.0,0.0,0.5062855232477055,1
S974V,-1.0,0.0,0.0,0.35039893730204685,-0.769378395863398,0.0,0.0,0.423445989658495,1
S975V,-0.9774692938706897,0.011265353064655148,1.0,0.45097726388575377,-0.8159995309832628,0.0964464855292119,1.0,0.4754294406769555,2
S976V,-1.0,0.0,0.0,1.0,-1.0,0.0,0.0,1.0,1
S977V,-1.0,0.0,0.0,0.6424898139921869,-0.8291013268122807,0.0,0.0,0.5727533170307015,1
S978V,-1.0,0.0,0.0,0.28072606213007034,-0.7538056493791527,0.0,0.0,0.384514123447882,1
S979V,-1.0,0.0,0.0,0.6769959860261869,-0.8365836200564467,0.0,0.0,0.5914590501411168,1
S980V,-1.0,0.0,0.0,0.3953934743933709,-0.7788446113814264,0.0,0.0,0.44711152845356594,1
S981V,-0.9782069295606732,0.010896535219663384,1.0,0.20996632961924644,-0.7901077783292981,0.0949897708196682,1.0,0.34016383699185504,2
S982V,-0.9494430664232569,0.025278466788371534,1.0,0.6504714372515148,-0.8029088273338146,0.138703595373907,1.0,0.577020981450755,2
S983V,-1.0,0.0,0.0,0.5219003829228742,-0.8043821794041903,0.0,0.0,0.5109554485104758,1
S984V,-0.9760167149409016,0.011991642529549207,1.0,0.38231387483222257,-0.8067553940919853,0.09923616427081282,1.0,0.4403185713707621,2
S985V,-1.0,0.0,0.0,0.5508167113427057,-0.8101897238843755,0.0,0.0,0.5254743097109388,1
S986V,-1.0,0.0,0.0,0.2753651319152485,-0.7525435041080362,0.0,0.0,0.38135876027009047,1
S987V,-1.0,0.0,0.0,0.37161855884922046,-0.7738859678528622,0.0,0.0,0.4347149196321556,1
S988V,-1.0,0.0,0.0,0.3772498117239269,-0.775068466188783,0.0,0.0,0.4376711654719575,1
S989V,-1.0,0.0,0.0,0.6146475116343835,-0.8232390821001598,0.0,0.0,0.5580977052503997,1
S990V,-1.0,0.0,0.0,0.5860652265684055,-0.8173424707573631,0.0,0.0,0.5433561768934078,1
S991V,-1.0,0.0,0.0,0.5395000803633749,-0.8079123807371948,0.0,0.0,0.519780951842987,1
S992V,-1.0,0.0,0.0,0.47174274833852825,-0.7943440299206501,0.0,0.0,0.4858600748016254,1
S993V,-1.0,0.0,0.0,0.5895796000629276,-0.8180620410590753,0.0,0.0,0.5451551026476882,1
S994V,-0.9739492612409154,0.013025369379542295,1.0,0.8375608034128322,-0.854516026033163,0.10304196964611612,1.0,0.6942565167698556,2
S995V,-1.0,0.0,0.0,0.5575992708155733,-0.8115583290273705,0.0,0.0,0.528895822568426,1
S996V,-1.0,0.0,0.0,0.28455501167965613,-0.7547004873710073,0.0,0.0,0.3867512184275181,1
S997V,-0.9718063669926333,0.01409681650368333,1.0,0.6734339471447651,-0.8305758905322065,0.10680457995470019,1.0,0.5894951723873533,2
S998V,-1.0,0.0,0.0,0.518792626493471,-0.8037598536084372,0.0,0.0,0.5093996340210928,1
S999V,-1.0,0.0,0.0,0.6134467185568158,-0.822989126633015,0.0,0.0,0.5574728165825377,1
