,RT_vaccine,prop_vaccine_RTs,frequency_weeks,nb_mentors_provax,nb_mentors_antivax,Betweenness_centrality,Closeness_centrality,PageRank
S937V,1129,0.009,1.0,2.0,9.0,0.0,0.4793038570084666,0.0010352759235367
S964V,447,0.004,1.0,2.0,8.0,0.0080740002087031,0.4788533834586466,0.0005005006210009
S651V,272,0.003,0.7407407407407407,0.0,8.0,0.0,0.3458927359131025,0.0003482535245453
S568V,578,0.006,1.0,4.0,8.0,0.0,0.49755859375,0.0006672563629904
S544V,1133,0.015,1.0,3.0,10.0,0.0147066060104118,0.4970731707317073,0.0010296881354946
S560V,1294,0.017,1.0,0.0,10.0,0.0,0.3463630183548606,0.001118069809724
S836V,856,0.012,1.0,0.0,10.0,0.0,0.3463630183548606,0.0007892730548535
S742V,714,0.012,1.0,0.0,10.0,0.0,0.3463630183548606,0.0006781648918636
S572V,1097,0.019,1.0,4.0,10.0,0.0001831589778079,0.4866284622731614,0.0010409189699027
S700V,621,0.011,1.0,1.0,10.0,0.0,0.4640255009107468,0.0006227660097044
S701V,872,0.015,1.0,1.0,9.0,0.0,0.4636032757051865,0.0008091936926784
S802V,761,0.013,1.0,2.0,10.0,0.0003191787567066,0.4619220308250226,0.000736712020528
S971V,529,0.009,1.0,0.0,10.0,0.0,0.3463630183548606,0.0005506836071369
S707V,597,0.011,1.0,1.0,10.0,0.0011940080098092,0.4520851818988465,0.0006061769927649
S686V,360,0.007,1.0,1.0,10.0,0.0,0.4640255009107468,0.0004696982598845
S563V,1405,0.026,1.0,2.0,10.0,0.0,0.4766136576239476,0.0012272628559407
S636V,680,0.013,1.0,1.0,8.0,0.0,0.4072741806554756,0.0006613458008542
S543V,1564,0.03,1.0,2.0,10.0,0.0006262176699291,0.4797551789077213,0.0013436893942799
S661V,508,0.01,0.925925925925926,0.0,9.0,0.0,0.3461277173913043,0.000524128136328
S610V,777,0.015,1.0,2.0,9.0,0.0007777247687582,0.4752798507462686,0.0007567573550149
S726V,779,0.016,1.0,0.0,10.0,0.0,0.3463630183548606,0.0007400156963237
S517V,870,0.018,0.7407407407407407,2.0,10.0,0.0,0.4946601941747572,0.0008375554745781
S501V,1607,0.034,1.0,2.0,10.0,0.0,0.4766136576239476,0.0013903331657789
S948V,867,0.019,1.0,0.0,10.0,0.0,0.3463630183548606,0.0007954158842345
S507V,1111,0.025,1.0,1.0,10.0,0.0,0.4079263410728583,0.0009988381412239
S668V,1136,0.026,1.0,0.0,10.0,0.0,0.3463630183548606,0.0009965609024428
S516V,1354,0.031,1.0,0.0,9.0,0.0,0.3461277173913043,0.0011621045745625
S983V,886,0.021,1.0,0.0,10.0,0.0,0.3463630183548606,0.0008072360673173
S640V,891,0.021,1.0,0.0,8.0,0.0,0.3458927359131025,0.0008117698924142
S706V,792,0.02,1.0,0.0,9.0,0.0,0.3461277173913043,0.0007404370448747
S767V,587,0.015,1.0,2.0,10.0,0.0057186233606457,0.4797551789077213,0.0006045547988361
S652V,965,0.024,1.0,0.0,10.0,0.0,0.3463630183548606,0.0008697885878698
S777V,334,0.008,1.0,1.0,9.0,0.0,0.4076,0.0004174155534273
S624V,858,0.022,1.0,2.0,10.0,0.0,0.4766136576239476,0.0008344075313665
S519V,1326,0.034,1.0,0.0,10.0,0.0,0.3463630183548606,0.0011455082038055
S561V,938,0.024,0.8888888888888888,1.0,10.0,0.0,0.4640255009107468,0.0008868374615538
S751V,322,0.008,1.0,1.0,9.0,0.0039039209851494,0.4076,0.0003970935966798
S774V,916,0.024,1.0,2.0,10.0,0.0002706388283186,0.4189967105263157,0.0008690484728568
S648V,811,0.022,1.0,2.0,10.0,0.0002613982043801,0.4619220308250226,0.0007796601340427
S539V,893,0.024,1.0,2.0,10.0,0.0006262176699291,0.4797551789077213,0.0008378559691831
S947V,436,0.012,1.0,5.0,9.0,0.0063002107897058,0.5014763779527559,0.0005728239440644
S954V,1154,0.031,1.0,2.0,10.0,0.0077588330106422,0.4766136576239476,0.0010324161777248
S619V,863,0.024,1.0,0.0,10.0,0.0,0.3463630183548606,0.0007900855029904
S882V,635,0.018,1.0,0.0,8.0,0.0,0.3458927359131025,0.0006172960649145
S717V,447,0.012,1.0,0.0,9.0,0.0,0.3461277173913043,0.0004810147013601
S899V,552,0.015,1.0,0.0,10.0,0.0,0.3463630183548606,0.000562372033727
S992V,562,0.016,1.0,0.0,10.0,0.0,0.3463630183548606,0.0005683908992965
S525V,876,0.025,1.0,1.0,10.0,0.0,0.4640255009107468,0.0008273650995848
S603V,943,0.028,1.0,1.0,10.0,0.0016041409578467,0.4640255009107468,0.0008601896040964
S541V,1025,0.03,1.0,2.0,10.0,0.0004272777754238,0.4847764034253092,0.0009380332392679
S866V,426,0.013,1.0,0.0,9.0,0.0,0.3461277173913043,0.000465659110109
S590V,949,0.028,1.0,1.0,10.0,0.0,0.4640255009107468,0.0008775625303645
S876V,1084,0.033,0.8888888888888888,1.0,9.0,0.0074983643490088,0.4636032757051865,0.0009673833647495
S712V,706,0.022,1.0,3.0,9.0,0.0009314270568395,0.4735130111524163,0.0007129752754162
S874V,704,0.022,0.8888888888888888,0.0,10.0,0.0,0.3463630183548606,0.0006716814239221
S994V,385,0.012,0.7777777777777778,1.0,8.0,0.0100492471345278,0.4072741806554756,0.0004397243723829
S963V,803,0.025,1.0,2.0,10.0,0.000730984324568,0.4922705314009661,0.0007715163122525
S980V,279,0.009,1.0,0.0,10.0,0.0,0.3463630183548606,0.0003571048568087
S564V,1098,0.035,1.0,1.0,10.0,0.0016041409578467,0.4640255009107468,0.0009782021835942
S913V,459,0.015,0.925925925925926,0.0,10.0,0.0,0.3463630183548606,0.0004896622857031
S713V,1411,0.045,1.0,1.0,9.0,0.0,0.4636032757051865,0.0012201671564724
S889V,444,0.014,0.7407407407407407,0.0,10.0,0.0,0.3463630183548606,0.0004828688175757
S750V,541,0.017,1.0,0.0,9.0,0.0,0.3461277173913043,0.0005554354907132
S988V,467,0.016,1.0,0.0,9.0,0.0,0.3461277173913043,0.0005006423827827
S845V,545,0.019,1.0,1.0,9.0,0.0,0.473953488372093,0.0005722645858381
S754V,947,0.032,1.0,0.0,10.0,0.0,0.3463630183548606,0.0008492277380674
S597V,1272,0.043,0.9629629629629628,1.0,10.0,0.0,0.4079263410728583,0.0011055840832257
S926V,249,0.009,0.9629629629629628,0.0,8.0,0.0005454393340873,0.3456580732700136,0.0003324710525496
S766V,587,0.02,0.4814814814814814,2.0,9.0,0.0004803839489464,0.4674311926605504,0.0006124017658629
S514V,1297,0.045,1.0,4.0,10.0,0.0009398566285516,0.49755859375,0.0011756159968214
S769V,533,0.018,0.9629629629629628,1.0,10.0,0.0104970713148769,0.4221209610604805,0.0005584490150537
S694V,952,0.033,1.0,1.0,10.0,0.0035438615536245,0.4640255009107468,0.000865670387173
S678V,781,0.027,1.0,0.0,10.0,0.0,0.3463630183548606,0.0007265559723256
S574V,578,0.02,1.0,0.0,10.0,0.0,0.3463630183548606,0.0005876890133985
S697V,1091,0.038,1.0,0.0,10.0,0.0,0.3463630183548606,0.0009635706400082
S829V,1021,0.036,1.0,3.0,10.0,0.0003508500957528,0.4875598086124402,0.0009541256972282
S789V,603,0.022,1.0,0.0,10.0,0.0,0.3463630183548606,0.0006053628670666
S531V,865,0.031,1.0,0.0,10.0,0.0,0.3463630183548606,0.0008012463865324
S961V,608,0.022,0.9629629629629628,1.0,10.0,0.0029081944682709,0.4079263410728583,0.0006124424955317
S587V,822,0.03,0.9629629629629628,0.0,8.0,0.0,0.3458927359131025,0.0007570653182927
S984V,424,0.016,1.0,1.0,10.0,0.0,0.4640255009107468,0.0004776700463165
S524V,1015,0.037,0.925925925925926,1.0,9.0,0.0016041409578467,0.4636032757051865,0.0009113474858702
S942V,1012,0.038,1.0,0.0,9.0,0.0,0.3461277173913043,0.0009051415486521
S957V,404,0.015,1.0,2.0,10.0,0.0077001540673658,0.4797551789077213,0.0004831992094477
S806V,427,0.017,0.6666666666666666,0.0,8.0,0.0002726647249564,0.3458927359131025,0.000463645364256
S760V,855,0.033,1.0,2.0,9.0,0.0,0.4761682242990654,0.0008164988956723
S547V,1218,0.047,1.0,1.0,10.0,0.0,0.4640255009107468,0.0010693722237906
S827V,564,0.022,1.0,1.0,10.0,0.0,0.4640255009107468,0.0005825266758352
S811V,800,0.032,1.0,1.0,8.0,7.493633202222972e-07,0.4214226633581472,0.0007460246024513
S841V,413,0.017,1.0,0.0,8.0,0.0,0.3456580732700136,0.0004615966828609
S815V,463,0.019,1.0,2.0,7.0,0.0012043477032942,0.4922705314009661,0.0005136635828795
S684V,753,0.03,1.0,3.0,10.0,0.0003191787567066,0.49853228962818,0.0007463535282315
S770V,364,0.015,0.8888888888888888,0.0,10.0,0.0,0.3463630183548606,0.0004174846687447
S741V,724,0.03,1.0,2.0,9.0,0.0153821655119021,0.4889635316698656,0.0007036977943906
S510V,868,0.036,1.0,0.0,10.0,0.0,0.3463630183548606,0.000797248766206
S562V,776,0.032,1.0,0.0,10.0,0.0,0.3463630183548606,0.0007303687560432
S608V,392,0.016,1.0,0.0,9.0,0.0,0.3461277173913043,0.0004391171118978
S969V,437,0.019,0.5555555555555556,0.0,10.0,0.0,0.3463630183548606,0.0004734980245889
S970V,619,0.027,1.0,0.0,8.0,0.0,0.3458927359131025,0.000608046169509
S951V,1167,0.05,1.0,1.0,10.0,0.0,0.4640255009107468,0.0010436037590705
S504V,629,0.027,0.5925925925925926,0.0,9.0,0.0,0.3461277173913043,0.0006141401346858
S575V,1255,0.054,1.0,0.0,9.0,0.0,0.3461277173913043,0.0010808217821671
S784V,844,0.037,1.0,0.0,8.0,0.0,0.3458927359131025,0.000776998385288
S940V,523,0.023,1.0,1.0,10.0,0.0060360411254167,0.4640255009107468,0.0005482222126346
S782V,418,0.018,0.8888888888888888,1.0,10.0,0.0,0.4079263410728583,0.0004739795641583
S884V,1105,0.048,1.0,0.0,10.0,0.0,0.3463630183548606,0.0009686063738051
S667V,888,0.039,1.0,0.0,10.0,0.0,0.3463630183548606,0.0008090765074087
S612V,548,0.024,1.0,1.0,9.0,0.0016041409578467,0.4636032757051865,0.0005707348648551
S945V,565,0.025,1.0,0.0,8.0,0.0,0.3458927359131025,0.000565958390235
S943V,591,0.026,1.0,0.0,9.0,0.0,0.3461277173913043,0.0005882659773816
S602V,804,0.036,1.0,2.0,10.0,0.0,0.4946601941747572,0.0007802248913452
S511V,590,0.027,1.0,1.0,9.0,0.0035438615536245,0.4636032757051865,0.0006040693794923
S955V,380,0.017,0.6666666666666666,0.0,9.0,0.001798866785568,0.3461277173913043,0.000428811718793
S847V,382,0.017,1.0,0.0,8.0,0.0,0.3458927359131025,0.0004289241659901
S583V,777,0.036,1.0,0.0,10.0,0.0,0.3463630183548606,0.0007272252146198
S548V,1393,0.065,1.0,2.0,10.0,0.0010950874882278,0.4766136576239476,0.001205511459991
S822V,482,0.023,1.0,0.0,10.0,0.0,0.3463630183548606,0.0005191896333601
S916V,626,0.03,1.0,0.0,10.0,0.0,0.3463630183548606,0.0006152474645624
S520V,838,0.041,1.0,0.0,10.0,0.0,0.3463630183548606,0.0007806027887481
S740V,674,0.033,0.9629629629629628,0.0,10.0,0.0,0.3463630183548606,0.000651829577883
S892V,635,0.031,1.0,0.0,10.0,0.0,0.3463630183548606,0.0006254475814835
S513V,1298,0.064,1.0,0.0,8.0,0.0,0.3458927359131025,0.0011090378201418
S828V,812,0.04,1.0,0.0,10.0,0.0,0.3463630183548606,0.0007531184957689
S600V,700,0.035,1.0,0.0,10.0,0.0,0.3463630183548606,0.0006701137368732
S744V,774,0.039,1.0,1.0,8.0,0.0,0.4005503144654088,0.0007340657840272
S803V,1503,0.076,1.0,1.0,9.0,0.0,0.4636032757051865,0.0012822335356007
S746V,772,0.039,1.0,1.0,9.0,0.0,0.4636032757051865,0.0007362377099834
S673V,805,0.041,1.0,1.0,9.0,0.0,0.4636032757051865,0.0007594007541306
S567V,621,0.032,1.0,1.0,7.0,0.0,0.4623411978221415,0.0006223260019156
S857V,989,0.051,1.0,0.0,9.0,0.0,0.3461277173913043,0.0008860205012765
S527V,1017,0.052,1.0,1.0,10.0,0.0050596045645677,0.4011811023622047,0.0009165350645056
S529V,727,0.038,0.9629629629629628,0.0,10.0,0.0,0.3463630183548606,0.0006910821501209
S503V,870,0.045,1.0,1.0,8.0,0.0035438615536245,0.4627611262488647,0.0007971990311853
S509V,851,0.044,1.0,0.0,10.0,0.0,0.3463630183548606,0.0007958636092116
S799V,703,0.037,1.0,0.0,9.0,0.0,0.3461277173913043,0.0006665650420836
S921V,952,0.05,1.0,0.0,10.0,0.0008880386139454,0.3463630183548606,0.0008528739632688
S797V,551,0.029,1.0,1.0,9.0,0.0092435731264645,0.3716265499635303,0.0005702178707161
S718V,584,0.031,1.0,2.0,10.0,0.0053657136736646,0.4946601941747572,0.0006188890819113
S958V,385,0.02,1.0,1.0,10.0,0.0016041409578467,0.4640255009107468,0.0004465456710899
S867V,351,0.019,0.9629629629629628,1.0,8.0,0.0,0.4631818181818182,0.0004175266616125
S745V,801,0.043,1.0,1.0,10.0,0.0,0.4640255009107468,0.0007616512659996
S502V,879,0.047,0.9629629629629628,0.0,9.0,0.0,0.3461277173913043,0.0007966929960867
S905V,628,0.034,1.0,1.0,10.0,0.0,0.4640255009107468,0.0006249835688623
S566V,500,0.027,1.0,1.0,10.0,0.0,0.4640255009107468,0.0005335532867091
S764V,801,0.043,1.0,1.0,10.0,0.0035438615536245,0.4640255009107468,0.0007518053365921
S708V,862,0.047,1.0,0.0,9.0,0.0,0.3461277173913043,0.000787285138035
S542V,925,0.05,1.0,0.0,10.0,0.0,0.3463630183548606,0.0008468785507782
S526V,579,0.032,1.0,2.0,10.0,0.0077588330106422,0.4766136576239476,0.000608247283435
S659V,446,0.025,1.0,0.0,10.0,0.0008880386139454,0.3463630183548606,0.0004838524599929
S714V,765,0.042,1.0,1.0,9.0,0.0,0.4636032757051865,0.0007317870587899
S941V,392,0.022,0.7407407407407407,0.0,10.0,0.0008880386139454,0.3463630183548606,0.0004398382363455
S880V,476,0.027,1.0,0.0,9.0,0.0,0.3461277173913043,0.0005104022170053
S833V,391,0.022,1.0,0.0,8.0,0.0,0.3458927359131025,0.0004363002093325
S702V,344,0.02,1.0,0.0,10.0,0.0,0.3463630183548606,0.0004175670206771
S522V,1250,0.072,1.0,0.0,9.0,0.0,0.3461277173913043,0.0010698664064328
S580V,700,0.04,1.0,0.0,6.0,0.0,0.3449559918754231,0.0006654484071677
S839V,817,0.047,1.0,1.0,8.0,0.0,0.4631818181818182,0.0007629247141754
S881V,662,0.038,1.0,1.0,10.0,0.0016041409578467,0.4640255009107468,0.0006559544701753
S664V,257,0.015,1.0,0.0,9.0,0.0,0.3461277173913043,0.0003443819184595
S986V,384,0.023,1.0,0.0,10.0,0.0,0.3463630183548606,0.0004382991897471
S663V,304,0.018,0.8518518518518519,0.0,8.0,0.0,0.3458927359131025,0.0003737794232395
S617V,199,0.012,0.9629629629629628,0.0,9.0,0.0,0.3461277173913043,0.0003019637048409
S577V,759,0.046,1.0,0.0,10.0,0.0,0.3463630183548606,0.0007150448986244
S854V,583,0.036,1.0,1.0,9.0,0.0016041409578467,0.4636032757051865,0.0005937417835903
S687V,647,0.04,1.0,1.0,9.0,0.0,0.4636032757051865,0.0006466970541305
S704V,371,0.023,0.6296296296296297,0.0,9.0,0.001820792035586,0.3461277173913043,0.0004235702521891
S545V,1115,0.069,1.0,0.0,9.0,0.0,0.3461277173913043,0.0009682240332314
S528V,633,0.039,0.9629629629629628,0.0,9.0,0.0,0.3461277173913043,0.0006143803108016
S993V,885,0.055,0.8888888888888888,0.0,9.0,0.0,0.3461277173913043,0.0008040991071609
S733V,609,0.038,0.925925925925926,0.0,10.0,0.0008880386139454,0.3463630183548606,0.0005995921440213
S844V,602,0.038,1.0,2.0,9.0,0.0039039209851494,0.4793038570084666,0.000639765651063
S710V,198,0.012,0.925925925925926,0.0,8.0,0.0,0.3458927359131025,0.0002950209748321
S793V,336,0.021,1.0,0.0,9.0,0.0,0.3461277173913043,0.0004029385039818
S552V,620,0.039,0.9629629629629628,2.0,9.0,0.0118431933184713,0.4418907198612316,0.0006293498572582
S968V,602,0.039,0.8518518518518519,0.0,8.0,0.0,0.3435603506405933,0.0005922055261826
S594V,318,0.021,0.6666666666666666,1.0,8.0,0.010991673536077,0.4072741806554756,0.0003907884162198
S996V,439,0.029,1.0,0.0,9.0,0.0,0.3461277173913043,0.0004816078235729
S814V,568,0.038,1.0,1.0,10.0,0.0016041409578467,0.4640255009107468,0.0005838333140748
S533V,910,0.061,1.0,0.0,10.0,0.0,0.3463630183548606,0.0008320600086874
S912V,516,0.035,0.8518518518518519,0.0,10.0,0.0,0.3463630183548606,0.0005326911929015
S775V,1010,0.068,1.0,1.0,8.0,0.0,0.4631818181818182,0.0009197930505298
S584V,388,0.026,0.7037037037037037,0.0,9.0,0.0,0.3461277173913043,0.0004328473926233
S685V,578,0.039,0.9629629629629628,0.0,10.0,0.0008880386139454,0.3463630183548606,0.0005760276250416
S662V,987,0.067,1.0,0.0,10.0,0.0,0.3463630183548606,0.0008842865548084
S830V,1020,0.07,1.0,0.0,9.0,0.0,0.3461277173913043,0.0008999298206926
S596V,583,0.04,1.0,2.0,10.0,0.0003508500957528,0.4422743055555556,0.000610327270407
S894V,679,0.047,0.8518518518518519,0.0,6.0,0.0,0.3428667563930013,0.000646064648622
S987V,246,0.017,0.9629629629629628,0.0,10.0,0.0,0.3463630183548606,0.000332225673223
S928V,430,0.03,1.0,0.0,8.0,0.0,0.3435603506405933,0.0004654509301973
S641V,892,0.062,1.0,0.0,9.0,0.0,0.3461277173913043,0.0008094925514777
S934V,424,0.03,1.0,0.0,10.0,0.0,0.3463630183548606,0.0004641730320852
S621V,669,0.047,1.0,1.0,10.0,0.0091675929563838,0.4426585577758471,0.0006568478249325
S660V,659,0.047,1.0,0.0,9.0,0.0,0.3461277173913043,0.0006391810972771
S534V,722,0.052,1.0,0.0,7.0,0.0,0.3433288409703504,0.0006833978494783
S505V,723,0.052,0.9629629629629628,0.0,10.0,0.0008880386139454,0.3463630183548606,0.0006820633570841
S840V,261,0.019,1.0,0.0,9.0,0.0,0.3461277173913043,0.0003470331907966
S981V,474,0.034,1.0,1.0,10.0,0.0039039209851494,0.4079263410728583,0.0005201174789076
S950V,481,0.035,1.0,0.0,10.0,0.0,0.3463630183548606,0.0005064279691359
S804V,982,0.071,1.0,0.0,10.0,0.0,0.3463630183548606,0.0008752533418013
S609V,350,0.025,0.7777777777777778,0.0,7.0,0.0,0.3433288409703504,0.000407073669041
S974V,452,0.033,0.9629629629629628,0.0,10.0,0.0,0.3463630183548606,0.0004889079358224
S904V,758,0.055,1.0,1.0,10.0,0.0011940080098092,0.4520851818988465,0.0007269501902237
S512V,1103,0.081,1.0,1.0,9.0,0.0,0.4636032757051865,0.0009812708788072
S821V,283,0.021,1.0,0.0,10.0,0.0,0.3463630183548606,0.0003642604223901
S783V,480,0.036,0.9629629629629628,1.0,9.0,0.0,0.4636032757051865,0.0005175008342004
S559V,907,0.067,0.9629629629629628,0.0,10.0,0.0,0.3463630183548606,0.0008228526157937
S546V,1106,0.082,1.0,1.0,10.0,0.0029081944682709,0.4079263410728583,0.0009782665395856
S613V,578,0.043,1.0,0.0,10.0,0.0,0.3463630183548606,0.0005809423806956
S637V,650,0.049,1.0,0.0,10.0,0.0,0.3463630183548606,0.0006460160991544
S674V,396,0.03,0.4814814814814814,0.0,9.0,0.001820792035586,0.3461277173913043,0.0004401000588639
S895V,548,0.042,0.4074074074074074,2.0,9.0,0.0004803839489464,0.4674311926605504,0.0005801003809642
S716V,547,0.042,0.8148148148148148,0.0,10.0,0.0,0.3463630183548606,0.0005528470544897
S675V,670,0.051,1.0,1.0,8.0,0.0,0.4735130111524163,0.0006555231597152
S875V,896,0.069,1.0,1.0,9.0,0.0,0.4636032757051865,0.0008248399163291
S642V,773,0.06,0.9629629629629628,0.0,9.0,0.0,0.3461277173913043,0.0007287780957988
S715V,431,0.033,1.0,1.0,10.0,0.0,0.4640255009107468,0.0004852966669807
S599V,793,0.062,1.0,1.0,10.0,0.0017177108438737,0.4426585577758471,0.0007523930135067
S893V,554,0.044,1.0,0.0,8.0,0.0,0.3458927359131025,0.0005574519153348
S923V,284,0.022,0.7037037037037037,0.0,8.0,0.0,0.3458927359131025,0.0003584467316478
S972V,271,0.022,1.0,0.0,7.0,0.0,0.3454237288135593,0.000352483110966
S650V,553,0.044,1.0,0.0,8.0,0.0,0.3458927359131025,0.0005560817763589
S907V,515,0.041,1.0,0.0,10.0,0.0008880386139454,0.3463630183548606,0.0005305674001359
S570V,584,0.047,1.0,0.0,9.0,0.0,0.3461277173913043,0.000582457297227
S897V,484,0.039,0.8888888888888888,0.0,9.0,0.0011953056683629,0.3461277173913043,0.0005067514117455
S853V,886,0.072,1.0,1.0,10.0,0.0,0.4640255009107468,0.0008228514718575
S614V,787,0.064,1.0,0.0,10.0,0.0008880386139454,0.3463630183548606,0.0007299919537385
S630V,336,0.027,0.9629629629629628,0.0,8.0,0.0,0.3435603506405933,0.0003951610973208
S553V,758,0.062,1.0,0.0,8.0,0.0004485328269593,0.3454237288135593,0.0007088658022535
S696V,656,0.054,0.9629629629629628,0.0,10.0,0.0,0.3463630183548606,0.0006353762173073
S759V,507,0.043,1.0,0.0,9.0,0.0,0.3461277173913043,0.0005263308876496
S591V,810,0.069,1.0,1.0,8.0,0.0,0.4214226633581472,0.0007592480290406
S550V,1116,0.095,1.0,0.0,9.0,0.0,0.3461277173913043,0.0009697608830466
S870V,345,0.029,1.0,1.0,9.0,0.007083452540433,0.4076,0.0004136388225016
S752V,840,0.072,1.0,0.0,9.0,0.0005454393340873,0.3461277173913043,0.0007669006202873
S644V,389,0.034,0.6666666666666666,0.0,8.0,0.0002726647249564,0.3458927359131025,0.0004337271654416
S800V,351,0.031,1.0,0.0,10.0,0.0,0.3463630183548606,0.0004098043678337
S643V,648,0.056,1.0,0.0,8.0,0.0,0.3458927359131025,0.0006287172157608
S535V,1103,0.097,1.0,0.0,10.0,0.0,0.3463630183548606,0.0009635241253653
S721V,717,0.064,1.0,0.0,9.0,0.0,0.3461277173913043,0.0006765726675071
S869V,553,0.049,0.6296296296296297,0.0,9.0,0.0,0.3437921727395411,0.0005590765026266
S911V,350,0.031,0.925925925925926,0.0,8.0,0.0034254875659791,0.3435603506405933,0.0004068496794547
S938V,587,0.053,1.0,0.0,8.0,0.0,0.3458927359131025,0.000583726025675
S810V,649,0.058,1.0,1.0,10.0,0.0,0.4640255009107468,0.0006500029691908
S536V,895,0.081,1.0,0.0,10.0,0.0,0.3463630183548606,0.0008197276615921
S556V,433,0.039,1.0,1.0,8.0,0.0029081944682709,0.4066241021548284,0.0004788806631351
S571V,1043,0.095,1.0,0.0,10.0,0.0008880386139454,0.3463630183548606,0.0009185561941023
S753V,554,0.051,0.925925925925926,1.0,9.0,0.0,0.4636032757051865,0.0005672199766416
S979V,199,0.018,0.925925925925926,0.0,4.0,0.0005786222695011,0.34125920964501,0.0002948847694133
S765V,423,0.04,1.0,1.0,7.0,0.0,0.4062998405103668,0.0004718831782253
S985V,500,0.047,1.0,0.0,10.0,0.0008880386139454,0.3463630183548606,0.0005188160562906
S588V,764,0.072,1.0,1.0,9.0,0.0035438615536245,0.4636032757051865,0.000720067453193
S731V,324,0.031,0.9629629629629628,1.0,6.0,0.0060143055449831,0.4392241379310345,0.0003953208794431
S809V,541,0.051,1.0,0.0,9.0,0.0,0.3461277173913043,0.0005502884095067
S873V,740,0.071,1.0,1.0,9.0,0.0,0.4636032757051865,0.0007424656945673
S743V,293,0.028,0.9629629629629628,0.0,10.0,0.0,0.3463630183548606,0.000366561328309
S657V,622,0.06,0.9629629629629628,0.0,10.0,0.0,0.3463630183548606,0.0006134193263372
S832V,297,0.029,1.0,0.0,8.0,0.0,0.3458927359131025,0.0003682739400184
S978V,325,0.031,1.0,0.0,9.0,0.0,0.3461277173913043,0.0003978488202928
S843V,439,0.043,1.0,0.0,9.0,0.0,0.3461277173913043,0.0004719595566981
S699V,334,0.032,1.0,1.0,8.0,0.0,0.4631818181818182,0.0004061268034195
S747V,1152,0.112,1.0,0.0,10.0,0.0004485328269593,0.3463630183548606,0.000998082602139
S523V,516,0.051,0.9629629629629628,0.0,9.0,0.0,0.3461277173913043,0.0005326009114168
S858V,600,0.06,1.0,0.0,10.0,0.0,0.3463630183548606,0.0005943002655993
S846V,808,0.081,1.0,0.0,9.0,0.0,0.3461277173913043,0.0007464250872416
S856V,292,0.03,1.0,0.0,9.0,0.0,0.3461277173913043,0.0003669195172164
S878V,123,0.012,0.2962962962962963,2.0,6.0,0.000730984324568,0.4899038461538461,0.0002587716038625
S579V,959,0.098,1.0,0.0,9.0,0.0,0.3461277173913043,0.0008695946843536
S995V,723,0.074,1.0,0.0,9.0,0.0005454393340873,0.3461277173913043,0.0006853930008619
S933V,743,0.076,0.7407407407407407,1.0,9.0,0.0,0.4636032757051865,0.0007135146817615
S791V,423,0.043,1.0,0.0,9.0,0.0,0.3461277173913043,0.0004607162306112
S738V,561,0.058,0.7037037037037037,0.0,8.0,0.0,0.3458927359131025,0.0005623831179971
S813V,460,0.047,0.6296296296296297,1.0,10.0,0.0077001540673658,0.4079263410728583,0.0005002730831421
S883V,268,0.028,0.4814814814814814,0.0,7.0,0.0,0.345189701897019,0.0003464186703799
S790V,706,0.073,1.0,0.0,9.0,0.0,0.3461277173913043,0.0006753907042894
S616V,795,0.082,1.0,0.0,8.0,0.0,0.3458927359131025,0.0007334907326217
S891V,536,0.055,1.0,0.0,10.0,0.0,0.3463630183548606,0.0005470433450868
S689V,293,0.031,0.9629629629629628,0.0,7.0,0.0,0.3433288409703504,0.0003658281257794
S607V,489,0.052,1.0,0.0,9.0,0.0,0.3461277173913043,0.0005167886956556
S807V,630,0.067,0.8148148148148148,0.0,9.0,0.0,0.3461277173913043,0.0006201226132249
S808V,884,0.094,1.0,0.0,10.0,0.0,0.3463630183548606,0.0008055265994036
S739V,464,0.05,1.0,0.0,9.0,0.0,0.3461277173913043,0.0004951570358302
S805V,379,0.041,0.9629629629629628,0.0,6.0,0.0,0.3449559918754231,0.0004270998550156
S611V,1185,0.128,1.0,0.0,9.0,0.0005454393340873,0.3461277173913043,0.0010246964253816
S835V,283,0.031,0.9629629629629628,0.0,9.0,0.0,0.3461277173913043,0.0003574279422349
S885V,495,0.055,1.0,0.0,9.0,0.0,0.3437921727395411,0.000514381435692
S780V,688,0.076,0.9629629629629628,0.0,10.0,0.0,0.3463630183548606,0.0006634299301645
S679V,263,0.029,0.9629629629629628,0.0,8.0,0.0,0.3454237288135593,0.0003416366844899
S935V,834,0.093,1.0,0.0,10.0,0.0,0.3463630183548606,0.000770557282806
S638V,368,0.041,0.6666666666666666,0.0,3.0,0.0,0.3380889183808891,0.000416233805265
S939V,358,0.041,1.0,0.0,6.0,0.0001736472628522,0.3426361802286483,0.0004091896357156
S842V,293,0.034,1.0,0.0,10.0,0.0,0.3463630183548606,0.000367613359671
S890V,978,0.114,1.0,1.0,8.0,0.0,0.4631818181818182,0.0008877620329562
S653V,773,0.09,1.0,0.0,9.0,0.0,0.3461277173913043,0.0007240554519051
S508V,970,0.113,0.925925925925926,0.0,7.0,0.0,0.3428667563930013,0.0008595022861006
S633V,294,0.034,1.0,0.0,9.0,0.0,0.3461277173913043,0.0003733652589256
S879V,134,0.016,0.5185185185185185,0.0,5.0,0.0,0.3417169684775318,0.0002459831331961
S670V,783,0.093,1.0,0.0,10.0,0.0,0.3463630183548606,0.0007345029135965
S918V,426,0.051,1.0,1.0,9.0,0.0,0.4636032757051865,0.0004821989954956
S823V,381,0.046,0.9629629629629628,0.0,10.0,0.0048571649576846,0.3463630183548606,0.0004277154808851
S779V,1012,0.121,1.0,0.0,9.0,0.0,0.3461277173913043,0.0008916024639143
S521V,883,0.106,0.8148148148148148,0.0,9.0,0.0,0.3461277173913043,0.0008010635355235
S953V,250,0.03,0.9629629629629628,0.0,9.0,0.0,0.3461277173913043,0.0003347161011184
S871V,248,0.03,1.0,1.0,9.0,0.0,0.4076,0.0003514872603919
S693V,556,0.068,0.8518518518518519,0.0,8.0,0.0,0.3458927359131025,0.0005601401772419
S557V,892,0.11,0.8888888888888888,0.0,9.0,0.0,0.3461277173913043,0.0008137917070698
S632V,389,0.048,0.9629629629629628,0.0,8.0,0.0,0.3454237288135593,0.0004374352339741
S910V,175,0.022,0.8888888888888888,0.0,7.0,0.0020931530340587,0.3428667563930013,0.0002786289186581
S635V,495,0.061,0.9629629629629628,0.0,9.0,0.0027738206753762,0.3461277173913043,0.0005115876180072
S787V,417,0.052,0.5925925925925926,0.0,9.0,0.0008880386139454,0.3437921727395411,0.0004562613218321
S855V,408,0.051,1.0,0.0,8.0,0.0,0.3458927359131025,0.0004488305102202
S692V,792,0.099,1.0,0.0,10.0,0.0,0.3463630183548606,0.0007327840161008
S615V,440,0.055,1.0,0.0,9.0,0.0,0.3458927359131025,0.0004791751801871
S956V,592,0.075,1.0,0.0,10.0,0.0,0.3463630183548606,0.0005946733805219
S728V,892,0.113,1.0,1.0,10.0,0.0016041409578467,0.4640255009107468,0.0008287406980363
S865V,1028,0.131,1.0,0.0,7.0,0.0,0.3433288409703504,0.0008994416379083
S868V,309,0.039,0.5555555555555556,0.0,10.0,0.0,0.3463630183548606,0.0003770492458713
S695V,487,0.062,1.0,0.0,8.0,0.0,0.3458927359131025,0.0005093781240343
S863V,440,0.057,1.0,1.0,9.0,0.0,0.4636032757051865,0.0004932338410131
S975V,456,0.06,0.9629629629629628,1.0,9.0,0.0,0.4636032757051865,0.0004990042211374
S925V,237,0.031,0.8888888888888888,0.0,9.0,0.0,0.3461277173913043,0.0003248088844721
S967V,524,0.069,1.0,0.0,6.0,0.0,0.3426361802286483,0.0005318113050569
S711V,293,0.038,0.4074074074074074,0.0,7.0,0.0,0.345189701897019,0.0003657190709903
S915V,333,0.044,0.9629629629629628,1.0,8.0,0.0,0.4631818181818182,0.0004052553175252
S719V,618,0.081,1.0,1.0,9.0,0.0079381883291469,0.4217715231788079,0.0006159637745238
S530V,511,0.067,1.0,0.0,9.0,0.0,0.3461277173913043,0.0005268468471936
S820V,557,0.074,0.8518518518518519,0.0,10.0,0.0,0.3463630183548606,0.0005649606406081
S654V,488,0.065,0.5925925925925926,0.0,8.0,0.0001714571616585,0.3458927359131025,0.000505853824495
S558V,521,0.069,1.0,0.0,9.0,0.0,0.3461277173913043,0.000541541731895
S734V,227,0.03,0.925925925925926,0.0,9.0,0.0,0.3461277173913043,0.0003212572781112
S736V,435,0.058,1.0,1.0,9.0,0.0,0.4636032757051865,0.0004809954593256
S973V,385,0.052,0.925925925925926,0.0,9.0,0.0005454393340873,0.3461277173913043,0.0004339036555648
S776V,231,0.031,0.925925925925926,0.0,9.0,0.0,0.3461277173913043,0.000318783012287
S908V,366,0.05,0.4814814814814814,0.0,9.0,0.0077204259338779,0.3461277173913043,0.0004173111877982
S936V,396,0.054,1.0,1.0,9.0,0.0,0.4636032757051865,0.000460567865518
S518V,415,0.057,0.9629629629629628,1.0,9.0,0.0,0.4636032757051865,0.0004727576037523
S901V,297,0.041,0.9629629629629628,0.0,8.0,0.0,0.3458927359131025,0.0003667816310609
S837V,1149,0.158,1.0,0.0,8.0,0.0,0.3458927359131025,0.0009947332284298
S966V,454,0.062,0.8888888888888888,0.0,10.0,0.0,0.3463630183548606,0.0004853067720381
S965V,656,0.09,1.0,0.0,9.0,0.0,0.3461277173913043,0.0006349859960743
S537V,903,0.124,1.0,1.0,8.0,0.0026555380764892,0.4631818181818182,0.0008217290690736
S578V,368,0.051,0.5555555555555556,0.0,10.0,0.0,0.3463630183548606,0.0004220399892714
S682V,343,0.048,1.0,0.0,8.0,0.0,0.3454237288135593,0.0004014528717681
S914V,702,0.098,1.0,0.0,9.0,0.0,0.3461277173913043,0.0006662274933327
S720V,334,0.047,0.9629629629629628,0.0,10.0,0.0,0.3463630183548606,0.0004032061294308
S924V,573,0.08,0.7777777777777778,0.0,10.0,0.0,0.3463630183548606,0.0005751438063233
S601V,585,0.083,0.9629629629629628,0.0,9.0,0.0,0.3461277173913043,0.0005808645274293
S554V,454,0.064,1.0,0.0,9.0,0.0,0.3461277173913043,0.0004835768568206
S756V,455,0.065,0.8888888888888888,0.0,4.0,0.0,0.3421759570181329,0.0004806169526034
S834V,251,0.036,0.9629629629629628,0.0,10.0,0.0,0.3463630183548606,0.0003381621777614
S618V,160,0.024,0.8518518518518519,1.0,7.0,0.0,0.4623411978221415,0.0002756731904765
S859V,280,0.041,0.4814814814814814,0.0,7.0,0.0,0.3428667563930013,0.0003554213133136
S551V,597,0.088,1.0,1.0,8.0,0.0,0.4072741806554756,0.0006009584023807
S627V,501,0.074,0.6666666666666666,0.0,9.0,0.0,0.3461277173913043,0.0005218636791356
S902V,545,0.081,0.9629629629629628,0.0,9.0,0.0,0.3461277173913043,0.0005564147286076
S850V,269,0.041,0.8148148148148148,0.0,8.0,0.0,0.3458927359131025,0.0003487922401534
S582V,333,0.05,0.9629629629629628,0.0,10.0,0.0,0.3463630183548606,0.0003985020207842
S622V,323,0.049,1.0,0.0,10.0,0.0,0.3463630183548606,0.0003909495095031
S656V,650,0.099,1.0,0.0,10.0,0.0,0.3463630183548606,0.0006350156180024
S576V,642,0.097,1.0,0.0,8.0,0.0,0.3435603506405933,0.0006192248435613
S573V,1149,0.175,1.0,0.0,10.0,0.0,0.3463630183548606,0.0009904294967061
S887V,307,0.047,0.8518518518518519,0.0,10.0,0.0008880386139454,0.3463630183548606,0.0003755938594638
S763V,255,0.039,0.8888888888888888,0.0,9.0,0.0033282622307812,0.3461277173913043,0.0003378327321406
S732V,368,0.058,1.0,0.0,7.0,0.0,0.3454237288135593,0.0004195957379273
S977V,479,0.076,0.925925925925926,0.0,5.0,0.0,0.3421759570181329,0.0005017188344495
S595V,475,0.076,0.925925925925926,0.0,9.0,0.0,0.3461277173913043,0.0005032247457831
S688V,380,0.06,1.0,0.0,10.0,0.001798866785568,0.3463630183548606,0.0004327584312694
S639V,298,0.048,0.8888888888888888,0.0,9.0,0.0,0.3461277173913043,0.0003715242969749
S824V,347,0.055,1.0,0.0,10.0,0.0,0.3463630183548606,0.0004080031002871
S620V,753,0.121,1.0,0.0,9.0,0.0,0.3461277173913043,0.0007092088666185
S749V,409,0.066,0.9629629629629628,0.0,9.0,0.0,0.3461277173913043,0.0004530442588091
S681V,400,0.066,0.7777777777777778,0.0,9.0,0.0,0.3461277173913043,0.0004483987572655
S946V,252,0.042,1.0,0.0,10.0,0.0008880386139454,0.3463630183548606,0.0003383185309229
S658V,355,0.06,0.7407407407407407,0.0,10.0,0.0,0.3463630183548606,0.0004169869694323
S819V,611,0.103,1.0,0.0,8.0,0.0,0.3458927359131025,0.0006004983149555
S628V,375,0.063,0.8148148148148148,1.0,9.0,0.0077167233025325,0.4217715231788079,0.0004434833512573
S532V,523,0.09,0.925925925925926,0.0,7.0,0.0007998335056142,0.3454237288135593,0.0005304769169887
S762V,825,0.144,1.0,0.0,5.0,0.0006336037239468,0.3426361802286483,0.0007505862442092
S930V,651,0.114,1.0,0.0,8.0,0.0,0.3458927359131025,0.0006250395114631
S625V,319,0.056,0.8888888888888888,0.0,6.0,0.0011741307446585,0.3449559918754231,0.0003808645670323
S877V,208,0.037,0.925925925925926,0.0,7.0,0.0,0.3433288409703504,0.0003021170065296
S919V,320,0.058,1.0,0.0,9.0,0.0,0.3437921727395411,0.0003870952362326
S788V,289,0.052,1.0,0.0,7.0,0.0002726647249564,0.3454237288135593,0.0003607350178802
S698V,614,0.112,1.0,0.0,9.0,0.0,0.3461277173913043,0.0006033126182448
S555V,423,0.077,1.0,0.0,7.0,0.0008666050356308,0.3454237288135593,0.0004636735449396
S998V,395,0.073,0.925925925925926,0.0,9.0,0.0,0.3461277173913043,0.0004426186855943
S549V,496,0.091,1.0,0.0,9.0,0.0,0.3461277173913043,0.0005183558199716
S952V,400,0.074,0.9629629629629628,0.0,9.0,0.0,0.3461277173913043,0.0004474466965234
S629V,288,0.054,0.925925925925926,0.0,8.0,0.0,0.3435603506405933,0.0003599621213463
S949V,159,0.03,0.6666666666666666,0.0,6.0,0.0,0.3426361802286483,0.0002645459302919
S792V,227,0.043,0.925925925925926,0.0,9.0,0.0005454393340873,0.3461277173913043,0.0003151536417939
S593V,801,0.153,1.0,0.0,9.0,0.0,0.3461277173913043,0.0007386183167658
S772V,309,0.06,1.0,0.0,7.0,0.0,0.3433288409703504,0.0003786387552506
S722V,398,0.079,1.0,1.0,9.0,0.0,0.4636032757051865,0.0004677935829887
S758V,285,0.057,0.8148148148148148,1.0,8.0,0.0032356083410881,0.4631818181818182,0.0003679022262219
S665V,214,0.043,1.0,0.0,6.0,0.0001901648127826,0.3426361802286483,0.0003040342102824
S761V,242,0.048,0.925925925925926,0.0,8.0,0.0,0.3435603506405933,0.0003268124852289
S724V,390,0.078,1.0,0.0,8.0,0.0,0.3458927359131025,0.0004367889375534
S798V,315,0.063,1.0,0.0,5.0,0.0,0.3442567567567567,0.0003801515768574
S649V,446,0.09,1.0,0.0,9.0,0.0,0.3461277173913043,0.0004794651907558
S729V,200,0.041,0.925925925925926,3.0,9.0,0.0021051241343375,0.496588693957115,0.0003290870721441
S606V,471,0.096,1.0,0.0,10.0,0.0,0.3463630183548606,0.0005001677328511
S990V,207,0.043,0.5185185185185185,0.0,8.0,0.0002726647249564,0.3458927359131025,0.0003003555186837
S794V,229,0.047,1.0,0.0,8.0,0.0003557116189993,0.3458927359131025,0.0003166626714698
S683V,627,0.13,0.5555555555555556,1.0,8.0,0.0,0.4631818181818182,0.0006206027141298
S991V,316,0.068,0.925925925925926,0.0,8.0,0.0,0.3454237288135593,0.000381436043428
S982V,176,0.039,0.4444444444444444,1.0,8.0,0.0012274434587446,0.4403630077787381,0.000287286060324
S540V,658,0.144,1.0,0.0,9.0,0.0,0.3461277173913043,0.0006384570089618
S849V,809,0.179,1.0,0.0,7.0,0.0,0.3442567567567567,0.0007400244298866
S872V,325,0.074,1.0,0.0,10.0,0.0,0.3463630183548606,0.0003877930094622
S900V,246,0.057,1.0,0.0,9.0,0.0,0.3461277173913043,0.0003361885025088
S631V,896,0.208,0.8148148148148148,0.0,8.0,0.0,0.3454237288135593,0.0008068812425216
S944V,488,0.119,1.0,0.0,8.0,0.0024596446514569,0.3456580732700136,0.0005082599324346
S655V,385,0.095,1.0,0.0,8.0,0.0,0.3458927359131025,0.0004344097477861
S906V,363,0.09,1.0,0.0,9.0,0.0005454393340873,0.3437921727395411,0.000418082940263
S671V,511,0.126,0.9629629629629628,0.0,6.0,0.0,0.3437921727395411,0.0005220508650519
S634V,166,0.041,0.6666666666666666,0.0,7.0,0.0,0.3454237288135593,0.000272514186593
S598V,696,0.173,0.8518518518518519,0.0,9.0,0.0,0.3461277173913043,0.0006621883500432
S677V,242,0.06,0.5185185185185185,0.0,10.0,0.0,0.3463630183548606,0.0003292710677506
S997V,351,0.087,0.925925925925926,1.0,8.0,0.0026555380764892,0.4631818181818182,0.0004184446483005
S748V,310,0.081,0.925925925925926,1.0,10.0,0.0043739207273694,0.4640255009107468,0.0003874475951307
S927V,312,0.082,0.9629629629629628,0.0,8.0,0.0,0.3458927359131025,0.0003794968634892
S888V,341,0.09,0.8148148148148148,0.0,8.0,0.0,0.3458927359131025,0.000404186500223
S848V,749,0.205,1.0,0.0,9.0,0.0019122021641088,0.3461277173913043,0.0006959231590086
S538V,1123,0.308,1.0,0.0,5.0,0.0,0.3417169684775318,0.0009726121866541
S838V,385,0.107,0.9629629629629628,1.0,8.0,0.0018259690575448,0.4418907198612316,0.0004411347493945
S730V,369,0.102,0.9629629629629628,0.0,7.0,0.0006020955362135,0.3454237288135593,0.00041940766129
S801V,265,0.075,0.8518518518518519,0.0,7.0,0.0,0.34125920964501,0.0003425834736945
S680V,173,0.049,0.6666666666666666,0.0,7.0,0.0001714571616585,0.3454237288135593,0.0002772701094677
S920V,374,0.107,0.8518518518518519,0.0,9.0,0.0049562302620588,0.3458927359131025,0.0004229264625314
S817V,286,0.083,1.0,0.0,7.0,0.0003087862874877,0.3454237288135593,0.000358079136746
S959V,350,0.103,0.8518518518518519,0.0,4.0,0.0,0.3389886892880905,0.000403550877654
S896V,263,0.078,0.9629629629629628,0.0,6.0,0.0,0.344722598105548,0.0003419521127761
S666V,284,0.088,0.7777777777777778,0.0,7.0,0.0,0.3454237288135593,0.0003572083607643
S705V,224,0.07,0.8888888888888888,0.0,6.0,0.0,0.3424059139784946,0.0003127159680509
S569V,505,0.16,1.0,0.0,8.0,0.0,0.3456580732700136,0.0005208767085534
S647V,325,0.103,0.925925925925926,0.0,8.0,0.0,0.3458927359131025,0.0003870276039599
S989V,397,0.126,0.6296296296296297,0.0,8.0,0.0,0.3435603506405933,0.0004406055172129
S962V,290,0.093,1.0,0.0,10.0,0.0008880386139454,0.3463630183548606,0.0003652669793383
S771V,338,0.108,0.5185185185185185,1.0,8.0,0.0,0.4735130111524163,0.0004109306114124
S585V,1161,0.389,1.0,0.0,4.0,0.0,0.3401201602136182,0.0009996710773513
S725V,157,0.054,0.6666666666666666,0.0,9.0,0.0,0.3461277173913043,0.0002664370464829
S703V,239,0.084,0.9629629629629628,0.0,6.0,0.0,0.344722598105548,0.0003230226686099
S852V,203,0.072,1.0,0.0,7.0,0.0,0.3433288409703504,0.0002968515222935
S999V,409,0.152,1.0,0.0,6.0,0.0,0.3426361802286483,0.0004490936734605
S735V,223,0.083,0.8888888888888888,0.0,8.0,0.0,0.3456580732700136,0.0003144178956622
S785V,211,0.079,0.9629629629629628,0.0,8.0,0.0024492577126022,0.3444895199459094,0.0003030607093649
S672V,500,0.186,0.9629629629629628,0.0,6.0,0.0001714571616585,0.3437921727395411,0.0005138909221197
S589V,368,0.147,0.7777777777777778,0.0,9.0,0.0,0.3461277173913043,0.0004188048356659
S592V,332,0.133,1.0,0.0,8.0,0.0005454393340873,0.3435603506405933,0.0003929608577953
S773V,175,0.071,0.925925925925926,1.0,8.0,0.0091044735412873,0.4418907198612316,0.000289530805972
S898V,255,0.107,1.0,0.0,10.0,0.0,0.3463630183548606,0.0003439073471807
S917V,498,0.211,1.0,0.0,5.0,0.0037629757545905,0.34125920964501,0.000511637622641
S826V,116,0.05,0.925925925925926,1.0,9.0,0.0011953056683629,0.4636032757051865,0.0002662414859382
S604V,345,0.154,1.0,0.0,6.0,0.0065759149785456,0.3444895199459094,0.0004047791634473
S581V,532,0.243,1.0,0.0,7.0,0.0,0.3454237288135593,0.0005396512408382
S500V,974,0.455,0.9629629629629628,0.0,1.0,0.0,0.3360817941952506,0.0008590176282511
S646V,252,0.12,0.7777777777777778,0.0,6.0,0.0004980721743477,0.3428667563930013,0.0003319558950576
S795V,260,0.125,0.8148148148148148,0.0,9.0,0.0,0.3461277173913043,0.000342354632989
S690V,242,0.119,0.1481481481481481,0.0,9.0,0.0,0.3461277173913043,0.0003289237780894
S864V,235,0.116,0.7777777777777778,0.0,6.0,0.0,0.3424059139784946,0.0003214851718033
S506V,747,0.376,0.8518518518518519,0.0,2.0,0.0,0.3378647214854111,0.0006935275410615
S909V,205,0.105,0.8518518518518519,0.0,9.0,0.0,0.3461277173913043,0.0003002478276523
S515V,555,0.295,0.6666666666666666,0.0,4.0,0.0004042631560417,0.3414879356568364,0.00055318219464
S757V,159,0.088,0.8148148148148148,0.0,7.0,9.380901830595468e-05,0.345189701897019,0.0002644411955969
S781V,145,0.084,0.9629629629629628,0.0,8.0,0.0005454393340873,0.3444895199459094,0.0002575613039128
S669V,487,0.291,0.7407407407407407,0.0,5.0,0.0,0.3417169684775318,0.0005055487919914
S709V,563,0.344,1.0,0.0,5.0,0.0,0.3421759570181329,0.0005596392219042
S586V,466,0.289,0.7777777777777778,0.0,5.0,0.0008666050356308,0.3421759570181329,0.000488829998863
S903V,123,0.078,0.8148148148148148,0.0,7.0,0.0,0.3426361802286483,0.0002385525454901
S886V,118,0.075,0.5555555555555556,0.0,6.0,0.0001654012967058,0.3424059139784946,0.0002338637949319
S860V,258,0.165,0.6296296296296297,0.0,5.0,0.0,0.3421759570181329,0.00033803504203
S727V,307,0.197,0.9629629629629628,0.0,5.0,0.0,0.3421759570181329,0.0003719231078218
S626V,233,0.152,0.7777777777777778,0.0,9.0,0.0005454393340873,0.3461277173913043,0.0003215690833445
S831V,151,0.101,0.925925925925926,0.0,9.0,0.0,0.3461277173913043,0.0002605202531489
S818V,187,0.128,0.7037037037037037,0.0,5.0,0.0,0.3421759570181329,0.000285462799437
S778V,171,0.117,0.7407407407407407,0.0,6.0,0.0,0.3428667563930013,0.0002733843533964
S862V,144,0.101,0.9629629629629628,0.0,8.0,0.0,0.3458927359131025,0.0002579887589635
S960V,204,0.153,0.925925925925926,0.0,6.0,0.0,0.3426361802286483,0.0002986398860996
S676V,392,0.3,1.0,0.0,4.0,0.0,0.3396666666666667,0.0004350843230178
S723V,227,0.178,0.5555555555555556,0.0,7.0,0.0,0.3426361802286483,0.0003140538702274
S816V,278,0.22,0.4074074074074074,0.0,4.0,0.0,0.3389886892880905,0.000352202600935
S812V,131,0.109,0.6296296296296297,0.0,7.0,0.0,0.3454237288135593,0.0002477786529242
S565V,349,0.293,0.6296296296296297,0.0,4.0,0.0,0.3396666666666667,0.0004026158629219
S786V,275,0.235,0.7037037037037037,0.0,2.0,0.0,0.3347568988173456,0.0003539543977334
S932V,116,0.099,0.7037037037037037,0.0,8.0,0.0004929813238449,0.3458927359131025,0.0002329081635478
S755V,427,0.376,0.925925925925926,0.0,5.0,0.0,0.3419463087248322,0.0004609057353097
S851V,172,0.154,0.9629629629629628,0.0,8.0,0.0001714571616585,0.3458927359131025,0.0002760203086045
S737V,223,0.2,0.5185185185185185,0.0,4.0,0.0001725902547585,0.3396666666666667,0.0003147580518202
S931V,214,0.223,0.3333333333333333,0.0,3.0,0.0,0.3383134130146082,0.0003046002820895
S796V,336,0.363,0.3703703703703703,0.0,2.0,0.0,0.3369708994708995,0.000392754702402
S605V,322,0.35,1.0,0.0,1.0,0.0,0.3332243296272073,0.0003891560780888
S922V,107,0.121,0.8148148148148148,0.0,8.0,0.0007998335056142,0.3458927359131025,0.0002268472069168
S929V,98,0.112,0.7777777777777778,0.0,8.0,0.0,0.3458927359131025,0.0002225417328127
S861V,139,0.161,0.6666666666666666,0.0,6.0,0.0,0.3426361802286483,0.0002504636428767
S645V,264,0.352,0.7777777777777778,0.0,3.0,0.0,0.3376408217362491,0.000341297855129
S623V,264,0.407,0.2962962962962963,0.0,1.0,0.0,0.3360817941952506,0.0003400332839467
S691V,129,0.211,0.5925925925925926,0.0,2.0,0.0,0.3358602504943968,0.0002441329834463
S768V,223,0.402,0.6296296296296297,0.0,4.0,0.0002390771033449,0.3389886892880905,0.0003101820746012
S825V,114,0.287,0.5925925925925926,0.0,5.0,0.0001594161397532,0.3442567567567567,0.0002311210108052
S976V,66,0.398,0.1111111111111111,0.0,1.0,0.0,0.3293471234647705,0.0001972072876042
S20V,119,0.001,0.8888888888888888,7.0,2.0,0.0037422258555578,0.49853228962818,0.0011647333092737
S255V,20,0.0,0.5555555555555556,5.0,0.0,0.000838576038781,0.3644492131616595,0.0003664837855997
S178V,39,0.001,0.5185185185185185,4.0,0.0,0.0,0.3582981715893108,0.0005779808160121
S164V,34,0.0,0.4814814814814814,3.0,0.0,0.0,0.3590556730091613,0.0005197549311695
S482V,19,0.0,0.2962962962962963,5.0,0.0,0.0007537851548826,0.3588028169014085,0.0003565208757785
S312V,17,0.0,0.2962962962962963,5.0,0.0,0.0007011127889526,0.3603253182461103,0.0003344276904531
S14V,156,0.003,0.8518518518518519,9.0,2.0,0.003736893629038,0.4838556505223172,0.0018240979293139
S57V,45,0.001,0.4814814814814814,3.0,0.0,0.0,0.3605803255484784,0.0006412329389488
S224V,81,0.001,0.925925925925926,7.0,9.0,0.0339863850494037,0.502465483234714,0.000481593541613
S0V,261,0.005,1.0,9.0,1.0,0.0,0.4870936902485659,0.0029691408210769
S114V,37,0.001,0.5555555555555556,4.0,0.0,0.0012538079176341,0.3628917378917379,0.0005518630483803
S26V,105,0.002,0.8518518518518519,7.0,1.0,0.0,0.4644484958979034,0.0010997238229851
S74V,39,0.001,0.6296296296296297,6.0,0.0,0.0,0.3668106551475882,0.0005776398571492
S139V,30,0.001,0.3333333333333333,3.0,0.0,0.0,0.3565430370888733,0.0004769449647339
S350V,15,0.0,0.3703703703703703,5.0,0.0,0.0,0.3585503166783955,0.0003144117031648
S300V,24,0.001,0.4814814814814814,6.0,0.0,0.0,0.3662832494608195,0.0004094854390254
S55V,52,0.001,0.7407407407407407,6.0,0.0,0.0001134998242333,0.3605803255484784,0.0007220812413601
S322V,17,0.001,0.3703703703703703,4.0,0.0,0.0002523230751779,0.3585503166783955,0.0003351798841839
S196V,38,0.001,0.4444444444444444,2.0,2.0,0.0010892078571215,0.4627611262488647,0.0003929549123921
S232V,24,0.001,0.4814814814814814,5.0,0.0,0.0002358456417352,0.3644492131616595,0.0004099339233836
S498V,21,0.001,0.3333333333333333,4.0,0.0,0.0003191787567066,0.3649713467048711,0.000379400503969
S342V,35,0.001,0.6666666666666666,6.0,0.0,0.0,0.3621179815209666,0.0005293562667661
S82V,61,0.002,0.6296296296296297,7.0,0.0,0.0008078337514112,0.3668106551475882,0.0008234341615692
S60V,50,0.002,0.4814814814814814,2.0,1.0,0.0,0.4743947858472998,0.0006642750754343
S6V,136,0.005,1.0,9.0,0.0,0.0,0.3692028985507246,0.0016349669890709
S443V,23,0.001,0.3333333333333333,5.0,0.0,0.0,0.3588028169014085,0.0004009054398761
S170V,25,0.001,0.5185185185185185,3.0,0.0,0.0,0.3356389986824769,0.0004178432243594
S45V,57,0.002,0.4814814814814814,9.0,0.0,6.279780773669113e-05,0.3686685962373371,0.000772398824939
S272V,26,0.001,0.2962962962962963,5.0,0.0,0.0001994023015177,0.3618607954545454,0.0004352687295173
S329V,22,0.001,0.4074074074074074,7.0,0.0,0.0003019374141906,0.3626334519572953,0.0003875742003835
S62V,70,0.003,0.7037037037037037,5.0,4.0,0.0153906251407606,0.4970731707317073,0.0006023935492418
S30V,82,0.003,0.8518518518518519,8.0,0.0,0.0,0.3686685962373371,0.0010363549929455
S420V,26,0.001,0.3333333333333333,5.0,0.0,0.0002493874122569,0.3603253182461103,0.0004362666082541
S96V,28,0.001,0.4444444444444444,5.0,0.0,0.0002561187661418,0.3618607954545454,0.0004544809510448
S226V,30,0.001,0.5185185185185185,8.0,0.0,0.000836083149745,0.3686685962373371,0.0004735682805354
S39V,69,0.003,0.6666666666666666,1.0,0.0,0.0,0.3349769888231427,0.000902363986314
S311V,23,0.001,0.4444444444444444,5.0,0.0,0.0,0.3618607954545454,0.000399431212254
S416V,22,0.001,0.2962962962962963,7.0,0.0,0.0014822012204347,0.3634094151212553,0.0003866851574459
S418V,19,0.001,0.4074074074074074,4.0,0.0,0.0,0.3582981715893108,0.000356573074252
S1V,172,0.008,1.0,8.0,1.0,0.0010511428598005,0.4866284622731614,0.0018882955589372
S53V,64,0.003,0.7777777777777778,8.0,0.0,0.0,0.3686685962373371,0.0008447926773604
S408V,20,0.001,0.3703703703703703,5.0,0.0,0.0008111431645837,0.3668106551475882,0.0003666049020503
S15V,100,0.005,1.0,8.0,1.0,0.0001639166616512,0.49755859375,0.0012240259053633
S140V,32,0.002,0.5555555555555556,6.0,0.0,0.0,0.3631503920171062,0.0004989599538357
S98V,37,0.002,0.6296296296296297,7.0,0.0,0.000836083149745,0.348257006151743,0.0005468453118461
S267V,15,0.001,0.3703703703703703,6.0,0.0,0.0007011127889526,0.3631503920171062,0.0003132026391298
S78V,51,0.003,0.4074074074074074,9.0,0.0,0.0001472115667125,0.3689355539464156,0.0007074560070148
S56V,49,0.003,0.7407407407407407,5.0,1.0,0.0006539065092562,0.477059925093633,0.0006646653449552
S402V,11,0.001,0.3333333333333333,6.0,0.0,0.0018643884812259,0.3676046176046176,0.0002663485267074
S198V,32,0.002,0.5555555555555556,6.0,0.0,0.0,0.3631503920171062,0.0004944083811947
S319V,25,0.001,0.3333333333333333,4.0,0.0,0.0002967080166822,0.3603253182461103,0.0004227294586263
S328V,19,0.001,0.2962962962962963,2.0,0.0,0.0,0.352107809260539,0.0003608918395368
S204V,30,0.002,0.4814814814814814,6.0,1.0,0.0015751504220664,0.4665750915750916,0.0004669905363573
S64V,72,0.004,0.6296296296296297,8.0,0.0,0.0,0.3676046176046176,0.0009423485752475
S150V,41,0.002,0.6666666666666666,3.0,0.0,0.0004232020466822,0.3565430370888733,0.0005958933239764
S75V,54,0.003,0.7407407407407407,8.0,0.0,0.0006896434478618,0.3684020245842371,0.0007354290240133
S165V,39,0.002,0.6296296296296297,8.0,0.0,0.0003491137975425,0.3686685962373371,0.0005724143633352
S348V,20,0.001,0.4444444444444444,5.0,0.0,0.0,0.3616039744499645,0.0003677430757564
S487V,13,0.001,0.3333333333333333,4.0,0.0,0.0010950874882278,0.3585503166783955,0.0002914540445058
S231V,22,0.001,0.3333333333333333,3.0,0.0,0.0,0.3565430370888733,0.0003886420472886
S63V,69,0.004,0.7777777777777778,8.0,0.0,0.0,0.3665467625899281,0.0008998429719808
S91V,39,0.003,0.7037037037037037,9.0,0.0,0.0009314270568395,0.3689355539464156,0.0005871681241321
S299V,20,0.001,0.4444444444444444,5.0,0.0,0.0,0.3618607954545454,0.0003652377854322
S423V,21,0.001,0.4074074074074074,3.0,0.0,0.0,0.3550522648083624,0.0003789419614716
S177V,43,0.003,0.6296296296296297,6.0,2.0,0.0081159250579775,0.4899038461538461,0.0005988982686417
S176V,33,0.002,0.4074074074074074,6.0,0.0,0.0,0.3631503920171062,0.0005151372434298
S437V,16,0.001,0.3703703703703703,7.0,0.0,0.0016911366219688,0.3684020245842371,0.0003224420129688
S44V,77,0.005,0.8148148148148148,5.0,0.0,0.0,0.3618607954545454,0.0009900146945992
S292V,21,0.001,0.4444444444444444,3.0,0.0,0.0,0.3590556730091613,0.0003779678119854
S127V,39,0.003,0.4074074074074074,5.0,0.0,0.0002613982043801,0.3616039744499645,0.0005754515990861
S43V,60,0.004,0.7407407407407407,9.0,0.0,0.0002706388283186,0.3692028985507246,0.0007964541352647
S107V,49,0.004,0.5925925925925926,9.0,0.0,0.0013362281463266,0.3692028985507246,0.0006859687115868
S480V,11,0.001,0.3333333333333333,4.0,0.0,0.0,0.3603253182461103,0.0002681976103155
S42V,47,0.004,0.4074074074074074,1.0,0.0,0.0,0.3349769888231427,0.0006615420503537
S372V,14,0.001,0.2962962962962963,5.0,0.0,0.0,0.3410307898259705,0.0002995840538816
S104V,34,0.003,0.3333333333333333,3.0,0.0,0.0,0.3590556730091613,0.0005208518877228
S159V,26,0.002,0.4444444444444444,4.0,0.0,0.0008820863073602,0.3608356940509915,0.0004317967765467
S296V,24,0.002,0.3703703703703703,5.0,0.0,0.000403328095528,0.3641887062187277,0.0004115024511034
S169V,28,0.002,0.5925925925925926,8.0,0.0,0.0009129980529417,0.3689355539464156,0.0004526085149257
S489V,18,0.001,0.3703703703703703,3.0,0.0,0.0002967080166822,0.3580463808854532,0.0003435447318934
S46V,54,0.004,0.3703703703703703,3.0,0.0,0.0,0.3590556730091613,0.0007467283119181
S95V,42,0.004,0.5925925925925926,7.0,0.0,0.0002358456417352,0.3684020245842371,0.0006077529178017
S330V,21,0.002,0.4444444444444444,7.0,2.0,0.0020125500658225,0.4884947267497603,0.000306445875565
S5V,138,0.012,0.9629629629629628,9.0,0.0,0.0,0.3689355539464156,0.0016923860380218
S183V,24,0.002,0.5555555555555556,6.0,0.0,0.0,0.3618607954545454,0.0004083510795595
S67V,49,0.004,0.7777777777777778,7.0,0.0,0.0,0.3660201149425287,0.0006795777551285
S94V,54,0.005,0.6666666666666666,6.0,0.0,0.0,0.3621179815209666,0.0007381115951503
S105V,44,0.004,0.4444444444444444,6.0,1.0,0.0001914002144444,0.4961051606621227,0.0006271682372352
S448V,23,0.002,0.3333333333333333,4.0,1.0,0.0019212549404531,0.4757236227824463,0.0003937340686477
S121V,54,0.005,0.5925925925925926,3.0,5.0,0.0082840400052234,0.4961051606621227,0.0005657965774936
S38V,64,0.006,0.6666666666666666,5.0,0.0,0.0,0.3616039744499645,0.0008551925289178
S341V,30,0.003,0.5555555555555556,3.0,3.0,0.0,0.4946601941747572,0.0003225673067873
S141V,43,0.004,0.5925925925925926,7.0,0.0,0.0004700910036113,0.367870036101083,0.0006175021352826
S4V,149,0.014,1.0,8.0,0.0,0.0,0.3686685962373371,0.0017737016592228
S188V,37,0.003,0.6296296296296297,6.0,2.0,0.0022117510719275,0.4884947267497603,0.0004613656475277
S455V,13,0.001,0.3703703703703703,4.0,0.0,0.0,0.3593088857545839,0.0002882208388736
S160V,30,0.003,0.4444444444444444,5.0,0.0,0.0,0.362375533428165,0.0004766172364873
S278V,13,0.001,0.3703703703703703,6.0,0.0,0.0025739698354956,0.3673395818312905,0.0002891480822924
S254V,18,0.002,0.2962962962962963,3.0,0.0,0.0004232020466822,0.3565430370888733,0.0003441249363815
S490V,19,0.002,0.2962962962962963,5.0,0.0,0.0,0.3392143808255659,0.0003557723522554
S180V,30,0.003,0.4444444444444444,4.0,0.0,0.0,0.3605803255484784,0.0004802961619006
S51V,63,0.006,0.7407407407407407,8.0,0.0,0.0,0.3641887062187277,0.0008355199623998
S59V,53,0.005,0.7037037037037037,7.0,0.0,0.0,0.367870036101083,0.0007254424806461
S48V,53,0.005,0.6666666666666666,7.0,0.0,0.0003019374141906,0.3626334519572953,0.0007243151716553
S172V,52,0.005,0.6296296296296297,9.0,0.0,0.0009129980529417,0.3692028985507246,0.000707416171571
S200V,31,0.003,0.6296296296296297,7.0,0.0,0.0002493874122569,0.3634094151212553,0.0004828425763019
S9V,167,0.017,0.7407407407407407,10.0,0.0,0.0003359257264022,0.3694706308919507,0.0019431219836822
S271V,26,0.003,0.4444444444444444,3.0,1.0,0.0,0.4875598086124402,0.0003736826463477
S496V,17,0.002,0.3333333333333333,3.0,0.0,0.0002358456417352,0.3538194444444444,0.0003328831428971
S382V,18,0.002,0.2592592592592592,2.0,0.0,0.0,0.352107809260539,0.0003470201704269
S309V,17,0.002,0.3333333333333333,2.0,0.0,0.0,0.352107809260539,0.0003338798056857
S70V,46,0.005,0.7407407407407407,7.0,0.0,0.0017944626361385,0.3670749279538905,0.0006454726763721
S499V,14,0.002,0.2962962962962963,4.0,0.0,0.0005903936200311,0.3417169684775318,0.0003052329950825
S266V,22,0.002,0.4814814814814814,5.0,0.0,0.0,0.3392143808255659,0.0003858035504573
S28V,72,0.008,0.7407407407407407,4.0,0.0,0.0003508500957528,0.3618607954545454,0.0009365946194123
S81V,33,0.004,0.5185185185185185,6.0,0.0,0.0008111431645837,0.3676046176046176,0.0005108132969622
S454V,10,0.001,0.074074074074074,2.0,0.0,0.0,0.352107809260539,0.0002572546442438
S58V,49,0.006,0.7037037037037037,6.0,0.0,0.0,0.3649713467048711,0.0006832653403822
S19V,108,0.012,0.7777777777777778,8.0,0.0,0.0,0.3684020245842371,0.001319422771992
S304V,18,0.002,0.3703703703703703,5.0,0.0,0.0034468661807626,0.3644492131616595,0.0003486130563593
S149V,30,0.003,0.4814814814814814,3.0,0.0,0.0,0.3565430370888733,0.0004758480081807
S212V,25,0.003,0.3703703703703703,2.0,0.0,0.0,0.352107809260539,0.0004210857665778
S380V,23,0.003,0.3333333333333333,2.0,4.0,0.0073748028730865,0.4870936902485659,0.0003077290581518
S115V,41,0.005,0.6666666666666666,7.0,0.0,0.0010192148689169,0.3684020245842371,0.0005984327544166
S220V,27,0.003,0.6296296296296297,4.0,0.0,0.0,0.3595624558927311,0.0004362488938012
S47V,57,0.007,0.7777777777777778,8.0,0.0,0.0002706388283186,0.3684020245842371,0.0007681413311281
S384V,21,0.003,0.4444444444444444,5.0,0.0,0.0002750951707406,0.3588028169014085,0.0003746120973048
S120V,41,0.005,0.4814814814814814,7.0,0.0,0.0,0.3634094151212553,0.0005927239023104
S349V,21,0.003,0.2222222222222222,5.0,0.0,0.0004675329963942,0.3403473613894455,0.0003832891632025
S289V,16,0.002,0.3703703703703703,3.0,0.0,0.0,0.3548050139275766,0.0003262048485562
S259V,22,0.003,0.4444444444444444,4.0,0.0,0.0,0.3603253182461103,0.0003896755514189
S253V,17,0.002,0.4074074074074074,2.0,0.0,0.0,0.3198367859384808,0.0003298888029721
S157V,60,0.008,0.6666666666666666,5.0,2.0,0.0,0.4932236205227492,0.0006360096629511
S89V,44,0.006,0.7777777777777778,8.0,0.0,0.0004803839489464,0.3641887062187277,0.0006250900949121
S397V,18,0.002,0.3333333333333333,5.0,0.0,0.0003191787567066,0.3668106551475882,0.0003443254572348
S320V,18,0.002,0.3703703703703703,7.0,0.0,0.0022055519021106,0.3684020245842371,0.0003440383916578
S335V,20,0.003,0.3333333333333333,5.0,0.0,0.0002561187661418,0.362375533428165,0.0003684657432058
S472V,19,0.003,0.3703703703703703,3.0,0.0,0.0,0.3605803255484784,0.0003604029014211
S268V,21,0.003,0.3333333333333333,7.0,0.0,0.0027200232261611,0.368135838150289,0.0003792771042593
S466V,17,0.002,0.4074074074074074,7.0,0.0,0.000403328095528,0.3684020245842371,0.0003335407137562
S251V,26,0.004,0.4444444444444444,6.0,0.0,0.0010065012664588,0.3657573582196697,0.0004337773532976
S451V,14,0.002,0.2222222222222222,5.0,1.0,0.0090420781902166,0.4657221206581353,0.0002906580629619
S302V,25,0.003,0.4814814814814814,5.0,0.0,0.0002967080166822,0.3616039744499645,0.0004230176101913
S274V,24,0.003,0.4814814814814814,7.0,0.0,8.21314954021927e-05,0.3621179815209666,0.0004095853321526
S248V,26,0.004,0.5555555555555556,8.0,0.0,0.0007505245805791,0.3684020245842371,0.0004315460747804
S236V,25,0.004,0.4814814814814814,6.0,0.0,0.0,0.3676046176046176,0.0004208606885242
S65V,47,0.007,0.6666666666666666,8.0,0.0,0.0,0.3684020245842371,0.000660367028138
S29V,98,0.014,0.8888888888888888,7.0,0.0,0.0,0.348257006151743,0.0011965339024032
S99V,41,0.006,0.5925925925925926,7.0,0.0,0.0,0.3684020245842371,0.0005935368432679
S66V,60,0.009,0.6666666666666666,7.0,1.0,0.0036129981711032,0.4861641221374045,0.0007832444387391
S479V,187,0.028,1.0,2.0,8.0,0.0083869883995724,0.4937015503875969,0.0003893049733785
S102V,40,0.006,0.5185185185185185,7.0,0.0,0.0,0.3684020245842371,0.0005849699135758
S124V,37,0.006,0.3703703703703703,4.0,0.0,0.0002027611129747,0.3572931276297335,0.0005560865870615
S118V,42,0.006,0.6666666666666666,8.0,0.0,0.0,0.3686685962373371,0.0006061305931168
S109V,40,0.006,0.6666666666666666,4.0,0.0,0.0,0.3585503166783955,0.0005873245322384
S242V,25,0.004,0.5185185185185185,6.0,0.0,0.0001134998242333,0.3593088857545839,0.0004246205827792
S147V,29,0.004,0.2962962962962963,2.0,0.0,0.0,0.352107809260539,0.000464871573116
S192V,32,0.005,0.4444444444444444,7.0,0.0,0.0,0.3684020245842371,0.0004982220539709
S73V,56,0.009,0.6296296296296297,8.0,0.0,0.0,0.3686685962373371,0.000759253462356
S11V,115,0.019,0.9629629629629628,9.0,3.0,8.21314954021927e-05,0.4995098039215686,0.0012637804775639
S222V,33,0.005,0.5925925925925926,8.0,0.0,0.0009129980529417,0.3689355539464156,0.0005064594889512
S134V,38,0.006,0.6666666666666666,8.0,0.0,0.0004803839489464,0.3641887062187277,0.000561248844825
S144V,26,0.004,0.2592592592592592,2.0,0.0,0.0,0.3345370978332239,0.0004405634015807
S291V,23,0.004,0.5555555555555556,5.0,0.0,0.0,0.3618607954545454,0.0003946073103078
S446V,12,0.002,0.2962962962962963,3.0,0.0,0.0,0.3356389986824769,0.0002760330928708
S7V,122,0.021,0.925925925925926,9.0,0.0,0.0,0.3692028985507246,0.0014663218000982
S410V,22,0.004,0.3703703703703703,6.0,0.0,0.0023501219294792,0.3631503920171062,0.0003915751675253
S351V,15,0.003,0.4444444444444444,3.0,0.0,0.0001831589778079,0.344722598105548,0.0003120560163766
S433V,18,0.003,0.3333333333333333,3.0,0.0,0.0,0.3243157224697645,0.0003387150832538
S262V,22,0.004,0.5555555555555556,6.0,0.0,0.0003475085378422,0.3621179815209666,0.0003836381065738
S161V,36,0.006,0.4814814814814814,7.0,0.0,0.0,0.3684020245842371,0.0005382746434169
S41V,67,0.012,0.8148148148148148,8.0,0.0,0.0,0.3686685962373371,0.0008808961515318
S218V,24,0.004,0.4444444444444444,4.0,0.0,0.0,0.3649713467048711,0.000408819981562
S303V,21,0.004,0.4074074074074074,7.0,0.0,0.0002915091288703,0.3639285714285714,0.0003775211432623
S173V,26,0.005,0.4444444444444444,7.0,0.0,0.0002358456417352,0.3684020245842371,0.0004330603278117
S387V,23,0.004,0.5185185185185185,6.0,0.0,0.0,0.3626334519572953,0.0003980148610469
S460V,15,0.003,0.3333333333333333,6.0,0.0,0.000307020963288,0.3626334519572953,0.0003115725534143
S206V,33,0.006,0.5185185185185185,9.0,0.0,0.0002013860634781,0.3692028985507246,0.0005087620917998
S422V,18,0.003,0.4444444444444444,7.0,0.0,0.0007240555189352,0.3613475177304964,0.0003448159245353
S383V,28,0.005,0.4444444444444444,6.0,0.0,0.0,0.3647100930565497,0.0004527814011687
S16V,99,0.019,0.8148148148148148,10.0,0.0,6.279780773669113e-05,0.3694706308919507,0.0012350504811995
S447V,43,0.008,0.4814814814814814,3.0,2.0,0.0003191787567066,0.4857006673021926,0.0003839827378477
S424V,23,0.005,0.3333333333333333,5.0,0.0,0.0002358456417352,0.3668106551475882,0.000399380804531
S364V,14,0.003,0.3333333333333333,2.0,0.0,0.0,0.3516218081435472,0.0002996378089045
S445V,15,0.003,0.2222222222222222,5.0,0.0,0.0001994023015177,0.3380889183808891,0.0003099070590748
S406V,14,0.003,0.2592592592592592,2.0,1.0,0.0003070353921826,0.4852380952380952,0.0002904593108283
S369V,22,0.004,0.4074074074074074,8.0,0.0,0.0015435099036478,0.3689355539464156,0.0003886064283886
S337V,24,0.005,0.3333333333333333,3.0,4.0,0.0142652544167404,0.4743947858472998,0.0003704363380508
S298V,17,0.003,0.4814814814814814,4.0,1.0,0.0002784590033761,0.4806603773584905,0.000312265844968
S444V,13,0.003,0.2962962962962963,5.0,0.0,0.0007505245805791,0.3649713467048711,0.0002865142935381
S90V,40,0.008,0.4814814814814814,7.0,0.0,0.0002706388283186,0.3662832494608195,0.0005862838117552
S321V,27,0.006,0.5185185185185185,5.0,0.0,0.0,0.3660201149425287,0.0004411976829398
S415V,12,0.002,0.2962962962962963,6.0,0.0,0.00092508562071,0.3626334519572953,0.0002780527669338
S368V,17,0.004,0.4074074074074074,7.0,0.0,0.0014412676955125,0.3639285714285714,0.0003343793585702
S288V,11,0.002,0.2222222222222222,4.0,0.0,0.0002784590033761,0.3608356940509915,0.0002675373339425
S195V,35,0.008,0.6666666666666666,6.0,0.0,0.0,0.3631503920171062,0.0005322481156902
S2V,173,0.038,1.0,9.0,0.0,0.0,0.3692028985507246,0.0019994361513121
S429V,15,0.003,0.3333333333333333,5.0,0.0,0.0,0.3380889183808891,0.0003095879634005
S405V,16,0.004,0.2962962962962963,6.0,0.0,0.000838576038781,0.3647100930565497,0.000323601809329
S219V,19,0.004,0.4074074074074074,3.0,0.0,0.0003191787567066,0.3626334519572953,0.0003545823832244
S207V,25,0.006,0.3703703703703703,5.0,0.0,0.0,0.3641887062187277,0.0004263472968368
S391V,20,0.005,0.3703703703703703,4.0,0.0,0.0002358456417352,0.3626334519572953,0.0003664538021696
S152V,33,0.008,0.7037037037037037,9.0,0.0,0.0004364384320092,0.3644492131616595,0.0005077622065686
S97V,39,0.009,0.5925925925925926,6.0,0.0,0.001842866374223,0.3647100930565497,0.0005711991215171
S215V,19,0.004,0.4814814814814814,7.0,0.0,0.0002027611129747,0.3634094151212553,0.0003528246981528
S458V,14,0.003,0.2592592592592592,2.0,0.0,0.0,0.352107809260539,0.0003006747985976
S474V,16,0.004,0.3703703703703703,3.0,1.0,0.0003429606784524,0.4615036231884058,0.0002799174065861
S93V,41,0.01,0.5555555555555556,7.0,1.0,0.0031068960420169,0.4843155893536122,0.0005910981673339
S52V,61,0.015,0.7777777777777778,9.0,0.0,0.0,0.3692028985507246,0.0008141801178429
S33V,104,0.025,0.8148148148148148,8.0,0.0,8.21314954021927e-05,0.3686685962373371,0.0012718822547107
S270V,25,0.006,0.2962962962962963,3.0,0.0,0.0,0.3548050139275766,0.0004222977361813
S306V,21,0.005,0.4444444444444444,1.0,0.0,0.0,0.3349769888231427,0.0003769343078551
S210V,17,0.004,0.4074074074074074,4.0,0.0,0.0008208169621678,0.3572931276297335,0.000333501032526
S286V,28,0.007,0.6666666666666666,5.0,0.0,0.0,0.362375533428165,0.000447524740815
S353V,19,0.005,0.2962962962962963,4.0,0.0,0.0,0.3585503166783955,0.0003558239089354
S261V,28,0.007,0.4074074074074074,5.0,0.0,0.0,0.3616039744499645,0.0004534534203548
S263V,28,0.007,0.4444444444444444,5.0,1.0,0.0,0.4661482159194876,0.0004435414021138
S86V,49,0.013,0.4444444444444444,7.0,0.0,0.0,0.368135838150289,0.0006839619127076
S404V,14,0.004,0.2592592592592592,6.0,0.0,0.0001994023015177,0.3621179815209666,0.0003007929661414
S92V,36,0.009,0.4814814814814814,8.0,0.0,0.0002013860634781,0.3684020245842371,0.0005434696072075
S217V,23,0.006,0.2962962962962963,3.0,0.0,0.0002523230751779,0.3545581071677105,0.0003986646808847
S137V,26,0.007,0.4074074074074074,7.0,0.0,0.0016397880804226,0.367870036101083,0.0004307006079702
S187V,29,0.008,0.5185185185185185,4.0,0.0,0.0,0.3608356940509915,0.0004671748073794
S77V,41,0.011,0.4814814814814814,6.0,0.0,0.000836083149745,0.3657573582196697,0.000600584565899
S184V,27,0.007,0.6296296296296297,8.0,0.0,0.0031455587182568,0.3684020245842371,0.0004386878043557
S130V,34,0.009,0.4074074074074074,8.0,1.0,0.0028528761411128,0.4866284622731614,0.0005095252537972
S381V,21,0.006,0.3333333333333333,5.0,0.0,0.0002523230751779,0.3641887062187277,0.0003777454482376
S295V,21,0.006,0.3333333333333333,5.0,0.0,0.0001994023015177,0.3644492131616595,0.0003804766378363
S352V,29,0.008,0.5925925925925926,8.0,0.0,0.0007412151581404,0.3641887062187277,0.0004629652189394
S69V,50,0.014,0.8888888888888888,8.0,0.0,0.0,0.3676046176046176,0.0006866813216237
S24V,74,0.021,0.8888888888888888,9.0,0.0,0.0004806482027679,0.3686685962373371,0.0009501051821387
S76V,63,0.018,0.6666666666666666,7.0,0.0,0.0,0.3634094151212553,0.0008317701793784
S27V,99,0.029,0.8148148148148148,9.0,0.0,0.0013772404471941,0.3692028985507246,0.00121910354454
S151V,42,0.012,0.6296296296296297,8.0,0.0,0.0007686695910973,0.3686685962373371,0.0006011544926039
S179V,24,0.007,0.3703703703703703,2.0,0.0,0.0,0.3552998605299861,0.0004095591104551
S68V,36,0.01,0.7777777777777778,7.0,0.0,0.000836083149745,0.3684020245842371,0.0005365320813601
S162V,36,0.011,0.5555555555555556,7.0,0.0,0.0,0.368135838150289,0.0005433120167987
S8V,104,0.031,0.8888888888888888,10.0,1.0,0.0003359257264022,0.4682904411764705,0.0012696141563012
S470V,16,0.005,0.2592592592592592,2.0,0.0,0.0,0.352107809260539,0.0003276868324487
S37V,62,0.018,0.7407407407407407,9.0,0.0,0.0,0.3689355539464156,0.0008263359597311
S153V,36,0.011,0.2962962962962963,2.0,0.0,0.0,0.352107809260539,0.0005473471695088
S464V,22,0.007,0.4074074074074074,6.0,0.0,0.0007777247687582,0.3621179815209666,0.0003862588214552
S477V,11,0.003,0.1481481481481481,2.0,1.0,0.0034417544210126,0.4407439446366782,0.0002576376247475
S72V,46,0.014,0.7037037037037037,8.0,0.0,0.0002706388283186,0.3684020245842371,0.0006456532502101
S146V,29,0.009,0.5555555555555556,9.0,0.0,0.0002013860634781,0.3692028985507246,0.000465200885166
S284V,19,0.006,0.4814814814814814,6.0,0.0,0.0003491137975425,0.3657573582196697,0.000352700921855
S211V,22,0.007,0.5555555555555556,4.0,0.0,8.21314954021927e-05,0.3343175853018372,0.0003841038607974
S191V,24,0.007,0.5185185185185185,7.0,0.0,0.0,0.3676046176046176,0.0004106572754057
S71V,60,0.019,0.6296296296296297,9.0,0.0,0.0,0.3692028985507246,0.0008050920664379
S389V,21,0.007,0.4814814814814814,5.0,0.0,0.0,0.3392143808255659,0.0003759398564005
S110V,46,0.015,0.4814814814814814,8.0,0.0,0.0009056663941608,0.3689355539464156,0.0006533588409143
S138V,36,0.011,0.6666666666666666,4.0,0.0,0.0,0.3358602504943968,0.0005342159192589
S347V,20,0.006,0.4074074074074074,2.0,2.0,0.0,0.4784037558685446,0.0002728872746586
S421V,19,0.006,0.4074074074074074,5.0,0.0,0.0,0.3616039744499645,0.0003526388791579
S374V,23,0.007,0.1851851851851851,5.0,0.0,0.0,0.362375533428165,0.0004028557737072
S117V,32,0.01,0.5925925925925926,5.0,0.0,0.0,0.3668106551475882,0.0004959269041218
S257V,27,0.009,0.5925925925925926,6.0,0.0,0.0,0.3593088857545839,0.0004421492049453
S189V,23,0.007,0.2962962962962963,7.0,0.0,0.0,0.3684020245842371,0.0003984918564783
S129V,42,0.014,0.7407407407407407,6.0,0.0,0.0,0.3662832494608195,0.0006011176504538
S393V,22,0.007,0.3703703703703703,4.0,0.0,0.0,0.3389886892880905,0.0003925893385354
S54V,51,0.017,0.5555555555555556,8.0,0.0,0.0,0.3686685962373371,0.0006983846808064
S494V,10,0.003,0.2592592592592592,3.0,0.0,0.0,0.3590556730091613,0.0002571277393978
S113V,32,0.011,0.2592592592592592,2.0,0.0,0.0,0.352107809260539,0.000498807884573
S425V,9,0.003,0.2222222222222222,1.0,0.0,0.0,0.3349769888231427,0.0002455768882404
S297V,18,0.006,0.3703703703703703,5.0,0.0,0.000483318595258,0.3401201602136182,0.0003502058281719
S287V,28,0.01,0.4444444444444444,7.0,0.0,0.0003191787567066,0.367870036101083,0.0004507711820639
S400V,22,0.008,0.2962962962962963,5.0,0.0,0.0,0.3660201149425287,0.0003841528313943
S136V,38,0.013,0.6296296296296297,8.0,0.0,0.0002915091288703,0.3641887062187277,0.0005581510718811
S36V,68,0.024,0.6666666666666666,7.0,0.0,0.0,0.367870036101083,0.0008806730543992
S23V,81,0.029,0.7407407407407407,9.0,0.0,0.0,0.3692028985507246,0.0010393609360824
S10V,125,0.044,0.9629629629629628,8.0,0.0,0.0,0.3684020245842371,0.0014897773551788
S199V,27,0.01,0.5925925925925926,8.0,0.0,0.0008211386893392,0.3684020245842371,0.0004417894339213
S185V,25,0.009,0.4444444444444444,7.0,0.0,0.0001240032966118,0.367870036101083,0.0004234640850473
S225V,26,0.009,0.3333333333333333,7.0,0.0,0.0002613982043801,0.3684020245842371,0.000432260452881
S126V,59,0.021,0.5925925925925926,5.0,0.0,0.0,0.3605803255484784,0.0007783159054662
S343V,19,0.007,0.3703703703703703,5.0,0.0,0.0,0.3616039744499645,0.0003564511691759
S158V,33,0.012,0.5555555555555556,6.0,0.0,0.0,0.3631503920171062,0.0005145836820543
S235V,23,0.008,0.4074074074074074,9.0,0.0,0.0002027611129747,0.3692028985507246,0.000399808244589
S317V,25,0.009,0.3333333333333333,1.0,0.0,0.0,0.3349769888231427,0.0004207201143934
S40V,51,0.019,0.4814814814814814,7.0,0.0,0.0017258560480508,0.367870036101083,0.0007161627068497
S370V,17,0.006,0.2592592592592592,2.0,0.0,0.0,0.352107809260539,0.0003338798056857
S492V,16,0.006,0.3333333333333333,4.0,0.0,0.0,0.3585503166783955,0.0003245515675444
S203V,16,0.006,0.3333333333333333,5.0,0.0,8.21314954021927e-05,0.3577949438202247,0.0003262536707664
S85V,42,0.016,0.5555555555555556,5.0,0.0,0.0,0.3657573582196697,0.0006092755935337
S111V,67,0.026,0.5925925925925926,8.0,0.0,0.0010950874882278,0.3689355539464156,0.0008760049095701
S471V,16,0.006,0.2962962962962963,4.0,0.0,0.0,0.3358602504943968,0.0003232534942677
S3V,167,0.065,1.0,10.0,0.0,0.0,0.3694706308919507,0.0019606573698337
S197V,28,0.011,0.4074074074074074,7.0,0.0,0.0,0.3634094151212553,0.000453392190516
S34V,67,0.027,0.7037037037037037,8.0,0.0,0.0002027611129747,0.3686685962373371,0.0008804392659669
S35V,62,0.025,0.7777777777777778,8.0,0.0,0.0006262176699291,0.3686685962373371,0.0008158710738198
S377V,20,0.008,0.2592592592592592,4.0,0.0,0.0,0.3358602504943968,0.0003608156720309
S100V,41,0.017,0.7407407407407407,6.0,0.0,0.0,0.3454237288135593,0.0005938219008608
S282V,33,0.014,0.4814814814814814,6.0,0.0,0.0006262176699291,0.3647100930565497,0.0005037779694408
S221V,21,0.009,0.4444444444444444,2.0,0.0,0.0,0.3552998605299861,0.0003767197555514
S485V,22,0.009,0.4074074074074074,5.0,0.0,0.0,0.3618607954545454,0.0003896937395552
S395V,16,0.007,0.3703703703703703,6.0,0.0,0.0,0.3454237288135593,0.0003215997642178
S12V,102,0.043,0.925925925925926,7.0,0.0,0.0,0.367870036101083,0.0012441214722399
S360V,16,0.007,0.3333333333333333,4.0,0.0,0.0,0.3608356940509915,0.0003228072335423
S106V,43,0.018,0.7777777777777778,8.0,0.0,0.0,0.3686685962373371,0.0006138754460896
S359V,27,0.012,0.4074074074074074,7.0,0.0,0.0002493874122569,0.367870036101083,0.0004461823247149
S290V,26,0.011,0.3333333333333333,6.0,0.0,0.0,0.3621179815209666,0.0004286301908221
S228V,30,0.013,0.4444444444444444,5.0,0.0,0.0,0.3585503166783955,0.0004747328974241
S497V,14,0.006,0.3703703703703703,7.0,0.0,0.0011210885496291,0.3660201149425287,0.0002991612747256
S275V,18,0.008,0.2962962962962963,4.0,0.0,0.0008828178862086,0.3605803255484784,0.0003444191913469
S401V,15,0.007,0.4444444444444444,2.0,0.0,0.0,0.352107809260539,0.0003119869024166
S216V,28,0.013,0.5555555555555556,5.0,0.0,0.000403328095528,0.3641887062187277,0.0004556539098261
S441V,15,0.007,0.2592592592592592,2.0,0.0,0.0,0.3297734627831715,0.0003160390598754
S450V,18,0.008,0.3333333333333333,3.0,0.0,0.000403328095528,0.3595624558927311,0.0003435148151392
S280V,18,0.009,0.4814814814814814,3.0,0.0,0.0,0.3570427470217239,0.0003426005701844
S154V,29,0.014,0.6296296296296297,6.0,0.0,0.0011210885496291,0.3463630183548606,0.0004569772557418
S417V,15,0.007,0.2962962962962963,4.0,0.0,0.0,0.3389886892880905,0.0003097795541373
S13V,95,0.046,0.7777777777777778,9.0,0.0,0.0,0.3689355539464156,0.0011739472565271
S148V,42,0.02,0.5925925925925926,7.0,0.0,0.0002358456417352,0.367870036101083,0.0006026734060699
S483V,32,0.016,0.5555555555555556,1.0,5.0,0.0013044198536427,0.4610859728506787,0.0002949018098747
S491V,15,0.007,0.2962962962962963,4.0,0.0,0.0,0.3327890267798824,0.000310639587876
S84V,47,0.023,0.5555555555555556,8.0,0.0,0.0002358456417352,0.368135838150289,0.0006573874234175
S277V,21,0.01,0.5185185185185185,6.0,0.0,0.0014322945930037,0.3613475177304964,0.000374600212899
S246V,29,0.014,0.4074074074074074,8.0,0.0,0.0002013860634781,0.3684020245842371,0.000464214636816
S376V,14,0.007,0.4814814814814814,3.0,0.0,0.0,0.3312743823146944,0.0002976628232905
S227V,23,0.012,0.3333333333333333,4.0,0.0,0.0001994023015177,0.3582981715893108,0.0003995676095612
S21V,84,0.043,0.7407407407407407,7.0,0.0,0.0003191787567066,0.367870036101083,0.0010544354347242
S17V,86,0.045,0.8888888888888888,9.0,0.0,0.0002013860634781,0.3692028985507246,0.001078310973616
S313V,26,0.014,0.5185185185185185,7.0,0.0,0.0,0.3684020245842371,0.0004307936366309
S239V,17,0.009,0.4444444444444444,5.0,0.0,0.0,0.3603253182461103,0.0003345890336741
S214V,26,0.014,0.7407407407407407,6.0,0.0,0.0,0.3480191256830601,0.0004283990227809
S145V,40,0.021,0.7037037037037037,7.0,0.0,0.0,0.3634094151212553,0.000582834964796
S333V,18,0.01,0.3333333333333333,1.0,0.0,0.0,0.3349769888231427,0.0003440949529514
S305V,26,0.014,0.2962962962962963,2.0,0.0,0.0,0.352107809260539,0.0004408078706386
S142V,29,0.016,0.5185185185185185,7.0,0.0,0.0002706388283186,0.3662832494608195,0.0004655974690694
S354V,24,0.013,0.3333333333333333,4.0,0.0,0.0002080254509385,0.3570427470217239,0.0004139543401199
S49V,39,0.022,0.4444444444444444,4.0,0.0,0.0003475085378422,0.3575438596491228,0.0005746614771292
S143V,35,0.02,0.7037037037037037,9.0,0.0,0.0004730261493054,0.3689355539464156,0.0005290393648637
S245V,21,0.012,0.3703703703703703,8.0,0.0,0.0025739698354956,0.3689355539464156,0.0003783903923633
S163V,27,0.015,0.6296296296296297,6.0,0.0,0.000730984324568,0.3621179815209666,0.0004382003083048
S361V,23,0.013,0.4444444444444444,8.0,0.0,0.0013976947237603,0.3492117888965044,0.0004008768456977
S25V,57,0.034,0.5555555555555556,1.0,0.0,0.0,0.3349769888231427,0.0007710065666993
S438V,13,0.008,0.2592592592592592,3.0,0.0,0.0,0.3545581071677105,0.0002897301883587
S473V,21,0.013,0.3333333333333333,8.0,0.0,0.0007686544908228,0.368135838150289,0.0003778280046152
S459V,10,0.006,0.2592592592592592,3.0,0.0,0.0,0.3550522648083624,0.0002575785177044
S131V,34,0.021,0.4074074074074074,1.0,0.0,0.0,0.3349769888231427,0.0005192381791044
S132V,32,0.02,0.4074074074074074,4.0,0.0,0.0001994023015177,0.3582981715893108,0.0004980856742723
S307V,16,0.01,0.3333333333333333,7.0,2.0,0.0107912236207413,0.4961051606621227,0.0003027692259983
S327V,25,0.015,0.3333333333333333,6.0,0.0,0.0,0.3621179815209666,0.0004185136555888
S133V,43,0.027,0.5555555555555556,6.0,0.0,0.0006262176699291,0.3662832494608195,0.0006098335288976
S310V,22,0.014,0.5185185185185185,5.0,0.0,0.0,0.3392143808255659,0.0003835461845277
S440V,15,0.01,0.2222222222222222,5.0,0.0,0.0,0.3461277173913043,0.0003114830483792
S249V,17,0.011,0.1481481481481481,6.0,0.0,0.0002080254509385,0.3605803255484784,0.0003345983162678
S237V,21,0.014,0.5555555555555556,8.0,1.0,0.0072535009480359,0.4657221206581353,0.0003718799812443
S340V,21,0.014,0.3333333333333333,6.0,0.0,0.0003191787567066,0.3676046176046176,0.0003793769133814
S50V,66,0.044,0.8518518518518519,10.0,0.0,0.0024408965913365,0.3694706308919507,0.0008605344746672
S285V,18,0.012,0.4814814814814814,4.0,0.0,0.0,0.33235485975212,0.0003391923498283
S390V,10,0.007,0.3333333333333333,4.0,0.0,0.0,0.3626334519572953,0.0002567030380423
S426V,12,0.008,0.3333333333333333,4.0,1.0,0.001942785451861,0.4847764034253092,0.0002722512271866
S83V,42,0.028,0.6666666666666666,4.0,1.0,0.0010774074492892,0.4730733519034354,0.0005849508274016
S476V,14,0.009,0.4444444444444444,2.0,1.0,0.0,0.4549107142857143,0.0002886750701643
S481V,16,0.011,0.2962962962962963,5.0,0.0,0.0002750951707406,0.3634094151212553,0.0003217880574513
S87V,39,0.027,0.6296296296296297,7.0,0.0,0.0,0.3684020245842371,0.000568397060338
S452V,12,0.008,0.3703703703703703,6.0,0.0,0.0014412676955125,0.3668106551475882,0.0002769836243299
S238V,19,0.014,0.3703703703703703,7.0,0.0,0.0009728028279915,0.3676046176046176,0.0003574177904059
S345V,15,0.011,0.3703703703703703,6.0,0.0,0.0013205802819885,0.3618607954545454,0.0003112621886737
S468V,11,0.008,0.2592592592592592,5.0,0.0,0.0003475085378422,0.3668106551475882,0.0002664075734931
S323V,15,0.011,0.4074074074074074,4.0,0.0,0.0002967080166822,0.3358602504943968,0.0003093878269678
S128V,35,0.026,0.6296296296296297,5.0,0.0,0.0,0.3435603506405933,0.000522663364805
S32V,79,0.059,0.925925925925926,8.0,0.0,0.002929920652246,0.3684020245842371,0.0009925495613146
S431V,19,0.015,0.3333333333333333,7.0,0.0,0.0007412151581404,0.368135838150289,0.0003540067908949
S112V,44,0.035,0.7407407407407407,7.0,0.0,0.0,0.3626334519572953,0.0006213219390822
S167V,25,0.02,0.5925925925925926,5.0,0.0,0.0006262176699291,0.3649713467048711,0.0004142007161971
S123V,25,0.02,0.2962962962962963,7.0,0.0,0.0007537851548826,0.3634094151212553,0.0004230450854587
S435V,25,0.02,0.2592592592592592,5.0,0.0,0.0,0.3618607954545454,0.0004174301849457
S31V,68,0.056,0.925925925925926,8.0,0.0,0.0020162365437965,0.3673395818312905,0.0008761151146663
S314V,24,0.02,0.2222222222222222,4.0,0.0,0.0002967080166822,0.3358602504943968,0.0004150601430601
S252V,22,0.018,0.4444444444444444,5.0,0.0,0.0,0.3618607954545454,0.0003864107812333
S22V,73,0.061,0.6666666666666666,4.0,0.0,0.0,0.3575438596491228,0.0009489154664675
S339V,22,0.018,0.1111111111111111,1.0,0.0,0.0,0.3220606826801517,0.0003959251075471
S495V,14,0.012,0.3703703703703703,5.0,0.0,0.0008828178862086,0.3392143808255659,0.0002976880748323
S230V,23,0.02,0.3333333333333333,6.0,0.0,0.0,0.3621179815209666,0.0003987924838409
S88V,31,0.027,0.4074074074074074,7.0,0.0,0.0004806482027679,0.3652329749103942,0.0004922304954672
S209V,28,0.024,0.4814814814814814,4.0,0.0,0.0,0.3389886892880905,0.0004499421473679
S294V,24,0.021,0.5555555555555556,6.0,0.0,0.0,0.3621179815209666,0.0004055032536852
S301V,27,0.023,0.2592592592592592,6.0,0.0,0.0,0.3676046176046176,0.0004438744582024
S316V,22,0.02,0.4444444444444444,7.0,0.0,8.21314954021927e-05,0.3634094151212553,0.0003897015129114
S103V,45,0.041,0.7407407407407407,7.0,0.0,0.0002080254509385,0.348257006151743,0.0006288878840425
S346V,21,0.019,0.4444444444444444,4.0,0.0,0.0003191787567066,0.3649713467048711,0.0003764335077697
S475V,14,0.013,0.3703703703703703,4.0,0.0,0.0,0.3349769888231427,0.0002967265007812
S336V,28,0.027,0.2222222222222222,7.0,0.0,0.0002750951707406,0.3660201149425287,0.0004523013282311
S399V,23,0.022,0.5555555555555556,7.0,0.0,0.0,0.367870036101083,0.0003978669824
S279V,22,0.021,0.4074074074074074,5.0,0.0,0.0003508500957528,0.3639285714285714,0.0003884989545916
S223V,22,0.022,0.3333333333333333,2.0,0.0,0.0,0.352107809260539,0.0003882464116741
S453V,9,0.009,0.2592592592592592,2.0,0.0,0.0,0.352107809260539,0.0002459425404248
S419V,16,0.016,0.2592592592592592,6.0,0.0,0.0007669043827789,0.3631503920171062,0.0003267075793885
S331V,24,0.024,0.3703703703703703,6.0,0.0,0.000307020963288,0.3593088857545839,0.0004109004707954
S442V,21,0.021,0.5185185185185185,5.0,0.0,0.0,0.3380889183808891,0.0003729386656267
S80V,48,0.05,0.8888888888888888,7.0,0.0,0.0,0.367870036101083,0.000664294602349
S414V,19,0.02,0.2592592592592592,6.0,0.0,0.0002967080166822,0.3631503920171062,0.0003580671763386
S208V,22,0.023,0.4444444444444444,5.0,0.0,0.0,0.3585503166783955,0.0003907334080128
S486V,15,0.016,0.3333333333333333,4.0,0.0,0.0,0.3358602504943968,0.0003085559022055
S293V,23,0.024,0.4074074074074074,7.0,0.0,0.0007505245805791,0.3628917378917379,0.0003971246324241
S182V,24,0.026,0.4444444444444444,6.0,0.0,0.0,0.3454237288135593,0.0004053131340981
S264V,27,0.029,0.2222222222222222,7.0,0.0,0.0,0.3684020245842371,0.0004442039946268
S409V,13,0.014,0.3333333333333333,5.0,0.0,0.0,0.3618607954545454,0.000287526199037
S332V,19,0.021,0.4074074074074074,6.0,0.0,0.0002080254509385,0.3414879356568364,0.0003544031463127
S122V,44,0.048,0.5555555555555556,8.0,0.0,0.0,0.3686685962373371,0.0006270777990691
S325V,22,0.024,0.2222222222222222,8.0,0.0,0.0009965724635817,0.3636688079942898,0.0003901163472714
S79V,58,0.063,0.7407407407407407,8.0,0.0,0.0013772404471941,0.3670749279538905,0.0007739619979895
S488V,16,0.017,0.3333333333333333,7.0,0.0,0.0048483814539841,0.367870036101083,0.0003186942533741
S119V,38,0.042,0.4814814814814814,6.0,0.0,0.0,0.3631503920171062,0.000566449487308
S386V,15,0.017,0.3703703703703703,3.0,0.0,0.0,0.3358602504943968,0.0003110948238977
S171V,31,0.035,0.5555555555555556,5.0,0.0,0.0,0.3605803255484784,0.0004806837936349
S155V,28,0.032,0.5925925925925926,4.0,0.0,0.0,0.3358602504943968,0.0004456453494454
S258V,22,0.025,0.4444444444444444,6.0,0.0,0.0007929848902162,0.3454237288135593,0.0003863240311706
S373V,13,0.015,0.2962962962962963,4.0,0.0,0.0,0.3618607954545454,0.0002907518701686
S315V,15,0.017,0.5185185185185185,4.0,0.0,0.000403328095528,0.3433288409703504,0.0003090466892635
S434V,14,0.016,0.4444444444444444,1.0,0.0,0.0,0.292144495412844,0.0002968865796032
S338V,19,0.022,0.2592592592592592,5.0,0.0,0.0006262176699291,0.3668106551475882,0.000354246584759
S116V,31,0.037,0.5925925925925926,5.0,0.0,0.0002613982043801,0.3608356940509915,0.0004788891403686
S436V,22,0.026,0.4074074074074074,5.0,0.0,0.0,0.3392143808255659,0.00038693566662
S18V,69,0.084,0.8148148148148148,4.0,0.0,0.0002750951707406,0.3358602504943968,0.000887805025307
S392V,12,0.015,0.2592592592592592,3.0,0.0,0.0004272777754238,0.3605803255484784,0.0002785374262706
S344V,23,0.029,0.2592592592592592,2.0,0.0,0.0,0.352107809260539,0.0004057746026283
S135V,31,0.039,0.5555555555555556,8.0,0.0,0.000730984324568,0.368135838150289,0.0004830562847462
S385V,11,0.014,0.2592592592592592,5.0,1.0,0.0033802384051431,0.4870936902485659,0.0002551026699602
S407V,14,0.018,0.3333333333333333,5.0,0.0,0.0,0.3468345813478556,0.0003019194318564
S357V,18,0.023,0.4814814814814814,7.0,0.0,0.0009398566285516,0.3634094151212553,0.0003415089654198
S233V,27,0.035,0.5555555555555556,7.0,0.0,0.0,0.3660201149425287,0.0004413070725832
S250V,17,0.022,0.2962962962962963,4.0,0.0,0.0,0.336748182419035,0.000336920005855
S388V,20,0.026,0.3703703703703703,7.0,0.0,0.0009728028279915,0.3670749279538905,0.000366317593388
S428V,15,0.02,0.3703703703703703,5.0,0.0,0.0004272777754238,0.3461277173913043,0.000308394051258
S366V,16,0.022,0.4444444444444444,4.0,0.0,0.0010065012664588,0.3389886892880905,0.0003190058704365
S367V,13,0.018,0.3703703703703703,2.0,0.0,0.0,0.3228770595690747,0.0002864523983796
S265V,13,0.019,0.2962962962962963,2.0,0.0,0.0,0.3492117888965044,0.0002891182257208
S398V,18,0.026,0.5555555555555556,4.0,0.0,0.0003944181050599,0.3371939113170086,0.000340637911461
S247V,19,0.028,0.4074074074074074,6.0,0.0,0.0032311837395065,0.3662832494608195,0.0003505106411509
S194V,31,0.046,0.6666666666666666,7.0,0.0,0.0006262176699291,0.367870036101083,0.0004818878171678
S201V,25,0.037,0.4814814814814814,7.0,0.0,0.0014412676955125,0.3670749279538905,0.0004153074987423
S430V,17,0.026,0.2592592592592592,5.0,0.0,0.0002358456417352,0.3668106551475882,0.0003350136035806
S411V,18,0.028,0.4444444444444444,6.0,0.0,0.0002027611129747,0.3618607954545454,0.0003439537443999
S241V,16,0.025,0.3703703703703703,5.0,0.0,0.0008828178862086,0.3616039744499645,0.0003215192818148
S432V,14,0.022,0.2222222222222222,1.0,0.0,0.0,0.3349769888231427,0.0003003091464132
S260V,24,0.038,0.3703703703703703,4.0,2.0,0.0047110000405532,0.4922705314009661,0.00038098990792
S462V,16,0.026,0.3333333333333333,6.0,0.0,0.0015435099036478,0.3631503920171062,0.0003240580107755
S413V,13,0.021,0.3703703703703703,4.0,0.0,0.0,0.3389886892880905,0.0002880962368601
S156V,32,0.051,0.1851851851851851,5.0,0.0,0.0,0.3605803255484784,0.0004986960468354
S427V,15,0.024,0.3703703703703703,6.0,0.0,0.0019179297405637,0.344722598105548,0.0003091672882317
S186V,36,0.058,0.5185185185185185,6.0,0.0,0.0006262176699291,0.3644492131616595,0.0005328942715513
S456V,20,0.034,0.4814814814814814,6.0,1.0,0.0054261670653721,0.4644484958979034,0.0003621126965552
S276V,22,0.037,0.2962962962962963,5.0,0.0,0.0,0.3380889183808891,0.0003859231527009
S240V,13,0.022,0.3333333333333333,2.0,0.0,0.0,0.352107809260539,0.0002900939991475
S467V,11,0.019,0.2222222222222222,4.0,0.0,0.0,0.3585503166783955,0.000268577356338
S281V,17,0.029,0.2592592592592592,6.0,0.0,0.0009721684788362,0.3577949438202247,0.0003330339237939
S190V,28,0.049,0.4814814814814814,10.0,0.0,0.0053719004934658,0.3694706308919507,0.0004569400572249
S478V,11,0.02,0.1481481481481481,4.0,0.0,0.0012043477032942,0.3582981715893108,0.0002696519093223
S403V,21,0.04,0.3703703703703703,6.0,0.0,0.0007505245805791,0.3621179815209666,0.0003744833133167
S394V,18,0.035,0.4814814814814814,5.0,0.0,0.0,0.3605803255484784,0.0003412452356288
S326V,23,0.046,0.2592592592592592,3.0,0.0,0.0,0.3347568988173456,0.0004086171777592
S166V,29,0.059,0.2962962962962963,4.0,0.0,0.0,0.3582981715893108,0.0004671045637208
S168V,32,0.065,0.7037037037037037,6.0,0.0,0.0006262176699291,0.3662832494608195,0.0004922279490025
S213V,24,0.051,0.5555555555555556,7.0,0.0,0.0046785620360221,0.3668106551475882,0.0004047215319971
S463V,17,0.036,0.3333333333333333,3.0,0.0,0.0,0.3590556730091613,0.0003365270184344
S324V,18,0.039,0.1851851851851851,6.0,0.0,0.0017944626361385,0.3676046176046176,0.0003448410265697
S318V,21,0.046,0.4444444444444444,3.0,0.0,0.0,0.3243157224697645,0.0003718355296455
S465V,13,0.029,0.1851851851851851,4.0,0.0,0.0,0.3575438596491228,0.0002920357589128
S461V,15,0.033,0.3703703703703703,5.0,0.0,0.0003019374141906,0.3374172185430463,0.0003092001200345
S308V,22,0.05,0.5555555555555556,7.0,0.0,0.0016313875726397,0.3668106551475882,0.0003853256164679
S269V,25,0.057,0.4814814814814814,6.0,0.0,0.0004803839489464,0.3613475177304964,0.0004178861294269
S108V,20,0.046,0.1481481481481481,1.0,0.0,0.0,0.3349769888231427,0.0003659878562206
S493V,18,0.042,0.2962962962962963,6.0,0.0,0.0003491137975425,0.3662832494608195,0.0003424668608714
S202V,28,0.069,0.5555555555555556,8.0,0.0,0.0004803839489464,0.3684020245842371,0.0004503511102269
S334V,17,0.042,0.4444444444444444,5.0,0.0,0.0018585095374468,0.3605803255484784,0.0003300943312795
S193V,27,0.067,0.6296296296296297,7.0,0.0,0.0032311837395065,0.367870036101083,0.000436325281506
S449V,16,0.04,0.2962962962962963,7.0,0.0,0.0019041010638243,0.3670749279538905,0.0003215340414649
S234V,24,0.061,0.4814814814814814,5.0,0.0,0.0,0.3435603506405933,0.0004061269941897
S379V,17,0.044,0.3703703703703703,5.0,0.0,0.0,0.3435603506405933,0.0003301484296816
S125V,29,0.08,0.5185185185185185,4.0,0.0,0.0007061287191862,0.328921885087153,0.0004583847434284
S365V,19,0.054,0.5185185185185185,4.0,0.0,0.0,0.3389886892880905,0.0003519561112903
S355V,14,0.04,0.3333333333333333,7.0,0.0,0.0007686695910973,0.3634094151212553,0.0003011966178238
S229V,22,0.067,0.4444444444444444,6.0,0.0,0.0,0.3608356940509915,0.0003851284681142
S457V,16,0.05,0.3703703703703703,6.0,0.0,0.0018588478661878,0.3673395818312905,0.0003224799942266
S273V,19,0.06,0.5555555555555556,5.0,0.0,0.0,0.3385382059800664,0.0003517241303661
S256V,21,0.068,0.4444444444444444,6.0,0.0,0.0001240032966118,0.3621179815209666,0.0003784706847168
S283V,32,0.113,0.6296296296296297,5.0,0.0,0.0,0.3435603506405933,0.0004913599162411
S61V,41,0.146,0.6296296296296297,4.0,0.0,0.0008208169621678,0.3378647214854111,0.000588062884214
S358V,15,0.054,0.4074074074074074,5.0,0.0,0.0018585095374468,0.3605803255484784,0.0003081257191978
S243V,16,0.062,0.3333333333333333,5.0,0.0,0.0,0.3644492131616595,0.0003245353340518
S205V,27,0.105,0.4074074074074074,3.0,0.0,0.0003944181050599,0.3533287101248266,0.0004437999775377
S244V,21,0.088,0.5185185185185185,5.0,0.0,0.0,0.3383134130146082,0.0003724538248815
S439V,13,0.059,0.4074074074074074,2.0,0.0,0.0,0.3228770595690747,0.000286331281929
S175V,28,0.127,0.5555555555555556,6.0,0.0,0.0,0.3417169684775318,0.0004485019271968
S484V,7,0.032,0.1111111111111111,3.0,0.0,0.0,0.3565430370888733,0.0002240796205858
S181V,20,0.097,0.4444444444444444,1.0,0.0,0.0,0.3063740228502706,0.0003616968101461
S371V,8,0.041,0.1481481481481481,1.0,0.0,0.0,0.3349769888231427,0.0002346304366058
S378V,15,0.079,0.4444444444444444,3.0,0.0,0.0,0.3202388434946574,0.0003068341646536
S396V,15,0.083,0.4074074074074074,4.0,0.0,0.0,0.3419463087248322,0.0003116583805486
S363V,21,0.119,0.3703703703703703,4.0,0.0,0.000730984324568,0.3567927170868347,0.0003713704815
S174V,17,0.102,0.2962962962962963,1.0,0.0,0.0,0.3349769888231427,0.0003331485013169
S469V,13,0.078,0.3333333333333333,6.0,1.0,0.0070263787895961,0.4717592592592592,0.0002826008198302
S356V,14,0.098,0.4074074074074074,1.0,1.0,0.0,0.4112187247780468,0.000287514661188
S375V,19,0.136,0.4444444444444444,5.0,0.0,0.0006691050824655,0.3332243296272073,0.0003519738003983
S101V,30,0.297,0.5555555555555556,3.0,0.0,0.0012043477032942,0.3580463808854532,0.0004691092393076
S362V,14,0.203,0.3333333333333333,4.0,0.0,0.0002987009667299,0.3349769888231427,0.0002971527570158
S412V,11,0.172,0.1481481481481481,1.0,0.0,0.0,0.3063740228502706,0.0002651097161686
